[      33ms] [LOG] 响应式 getter 访问: {key: name, value: 邮件通知, hasDep: false} @ http://localhost:8084/hetuimini.js:79
[      33ms] [LOG] 响应式 getter 访问: {key: isEnabled, value: true, hasDep: false} @ http://localhost:8084/hetuimini.js:79
[      33ms] [LOG] 响应式 getter 访问: {key: showBadge, value: true, hasDep: false} @ http://localhost:8084/hetuimini.js:79
[      33ms] [LOG] 响应式 getter 访问: {key: name, value: 短信通知, hasDep: false} @ http://localhost:8084/hetuimini.js:79
[      34ms] [LOG] 响应式 getter 访问: {key: isEnabled, value: false, hasDep: false} @ http://localhost:8084/hetuimini.js:79
[      34ms] [LOG] 响应式 getter 访问: {key: showBadge, value: false, hasDep: false} @ http://localhost:8084/hetuimini.js:79
[      34ms] [LOG] 响应式 getter 访问: {key: name, value: 应用内通知, hasDep: false} @ http://localhost:8084/hetuimini.js:79
[      34ms] [LOG] 响应式 getter 访问: {key: isEnabled, value: true, hasDep: false} @ http://localhost:8084/hetuimini.js:79
[      34ms] [LOG] 响应式 getter 访问: {key: showBadge, value: true, hasDep: false} @ http://localhost:8084/hetuimini.js:79
[      34ms] [LOG] 响应式 getter 访问: {key: value, value: true, hasDep: false} @ http://localhost:8084/hetuimini.js:79
[      35ms] [LOG] 响应式 getter 访问: {key: value, value: true, hasDep: false} @ http://localhost:8084/hetuimini.js:79
[      35ms] [LOG] 响应式 getter 访问: {key: name, value: 邮件通知, hasDep: false} @ http://localhost:8084/hetuimini.js:79
[      35ms] [LOG] 响应式 getter 访问: {key: isEnabled, value: true, hasDep: false} @ http://localhost:8084/hetuimini.js:79
[      35ms] [LOG] 响应式 getter 访问: {key: showBadge, value: true, hasDep: false} @ http://localhost:8084/hetuimini.js:79
[      35ms] [LOG] 响应式 getter 访问: {key: name, value: 短信通知, hasDep: false} @ http://localhost:8084/hetuimini.js:79
[      36ms] [LOG] 响应式 getter 访问: {key: isEnabled, value: false, hasDep: false} @ http://localhost:8084/hetuimini.js:79
[      36ms] [LOG] 响应式 getter 访问: {key: showBadge, value: false, hasDep: false} @ http://localhost:8084/hetuimini.js:79
[      36ms] [LOG] 响应式 getter 访问: {key: name, value: 应用内通知, hasDep: false} @ http://localhost:8084/hetuimini.js:79
[      36ms] [LOG] 响应式 getter 访问: {key: isEnabled, value: true, hasDep: false} @ http://localhost:8084/hetuimini.js:79
[      36ms] [LOG] 响应式 getter 访问: {key: showBadge, value: true, hasDep: false} @ http://localhost:8084/hetuimini.js:79
[      36ms] [LOG] 响应式 getter 访问: {key: name, value: 张三, hasDep: false} @ http://localhost:8084/hetuimini.js:79
[      36ms] [LOG] 响应式 getter 访问: {key: email, value: zhangsan@example.com, hasDep: false} @ http://localhost:8084/hetuimini.js:79
[      37ms] [LOG] 响应式 getter 访问: {key: name, value: 李四, hasDep: false} @ http://localhost:8084/hetuimini.js:79
[      37ms] [LOG] 响应式 getter 访问: {key: email, value: lisi@example.com, hasDep: false} @ http://localhost:8084/hetuimini.js:79
[      37ms] [LOG] 响应式 getter 访问: {key: value, value: true, hasDep: false} @ http://localhost:8084/hetuimini.js:79
[      37ms] [LOG] 响应式 getter 访问: {key: value, value: true, hasDep: false} @ http://localhost:8084/hetuimini.js:79
[      37ms] [LOG] 响应式 getter 访问: {key: value, value: true, hasDep: false} @ http://localhost:8084/hetuimini.js:79
[      37ms] [LOG] 响应式 getter 访问: {key: value, value: false, hasDep: false} @ http://localhost:8084/hetuimini.js:79
[      38ms] [LOG] 响应式 getter 访问: {key: value, value: true, hasDep: false} @ http://localhost:8084/hetuimini.js:79
[      38ms] [LOG] 响应式 getter 访问: {key: value, value: true, hasDep: false} @ http://localhost:8084/hetuimini.js:79
[      38ms] [LOG] 响应式 getter 访问: {key: name, value: 邮件通知, hasDep: false} @ http://localhost:8084/hetuimini.js:79
[      38ms] [LOG] 响应式 getter 访问: {key: isEnabled, value: true, hasDep: false} @ http://localhost:8084/hetuimini.js:79
[      38ms] [LOG] 响应式 getter 访问: {key: showBadge, value: true, hasDep: false} @ http://localhost:8084/hetuimini.js:79
[      38ms] [LOG] 响应式 getter 访问: {key: name, value: 短信通知, hasDep: false} @ http://localhost:8084/hetuimini.js:79
[      38ms] [LOG] 响应式 getter 访问: {key: isEnabled, value: false, hasDep: false} @ http://localhost:8084/hetuimini.js:79
[      38ms] [LOG] 响应式 getter 访问: {key: showBadge, value: false, hasDep: false} @ http://localhost:8084/hetuimini.js:79
[      39ms] [LOG] 响应式 getter 访问: {key: name, value: 应用内通知, hasDep: false} @ http://localhost:8084/hetuimini.js:79
[      39ms] [LOG] 响应式 getter 访问: {key: isEnabled, value: true, hasDep: false} @ http://localhost:8084/hetuimini.js:79
[      39ms] [LOG] 响应式 getter 访问: {key: showBadge, value: true, hasDep: false} @ http://localhost:8084/hetuimini.js:79
[      40ms] [LOG] 响应式 getter 访问: {key: name, value: 项目A, hasDep: false} @ http://localhost:8084/hetuimini.js:79
[      40ms] [LOG] 响应式 getter 访问: {key: status, value: 进行中, hasDep: false} @ http://localhost:8084/hetuimini.js:79
[      40ms] [LOG] 响应式 getter 访问: {key: isCritical, value: true, hasDep: false} @ http://localhost:8084/hetuimini.js:79
[      40ms] [LOG] 响应式 getter 访问: {key: isPublic, value: false, hasDep: false} @ http://localhost:8084/hetuimini.js:79
[      40ms] [LOG] 响应式 getter 访问: {key: name, value: 项目B, hasDep: false} @ http://localhost:8084/hetuimini.js:79
[      40ms] [LOG] 响应式 getter 访问: {key: status, value: 已完成, hasDep: false} @ http://localhost:8084/hetuimini.js:79
[      40ms] [LOG] 响应式 getter 访问: {key: isCritical, value: false, hasDep: false} @ http://localhost:8084/hetuimini.js:79
[      41ms] [LOG] 响应式 getter 访问: {key: isPublic, value: true, hasDep: false} @ http://localhost:8084/hetuimini.js:79
[      41ms] [LOG] 响应式 getter 访问: {key: name, value: 项目C, hasDep: false} @ http://localhost:8084/hetuimini.js:79
[      41ms] [LOG] 响应式 getter 访问: {key: status, value: 规划中, hasDep: false} @ http://localhost:8084/hetuimini.js:79
[      41ms] [LOG] 响应式 getter 访问: {key: isCritical, value: false, hasDep: false} @ http://localhost:8084/hetuimini.js:79
[      41ms] [LOG] 响应式 getter 访问: {key: isPublic, value: false, hasDep: false} @ http://localhost:8084/hetuimini.js:79
[      41ms] [LOG] 响应式 getter 访问: {key: value, value: true, hasDep: false} @ http://localhost:8084/hetuimini.js:79
[      42ms] [LOG] 响应式 getter 访问: {key: value, value: true, hasDep: false} @ http://localhost:8084/hetuimini.js:79
[      42ms] [LOG] 响应式 getter 访问: {key: name, value: 项目A, hasDep: false} @ http://localhost:8084/hetuimini.js:79
[      42ms] [LOG] 响应式 getter 访问: {key: status, value: 进行中, hasDep: false} @ http://localhost:8084/hetuimini.js:79
[      42ms] [LOG] 响应式 getter 访问: {key: isCritical, value: true, hasDep: false} @ http://localhost:8084/hetuimini.js:79
[      42ms] [LOG] 响应式 getter 访问: {key: isPublic, value: false, hasDep: false} @ http://localhost:8084/hetuimini.js:79
[      42ms] [LOG] 响应式 getter 访问: {key: name, value: 项目B, hasDep: false} @ http://localhost:8084/hetuimini.js:79
[      43ms] [LOG] 响应式 getter 访问: {key: status, value: 已完成, hasDep: false} @ http://localhost:8084/hetuimini.js:79
[      43ms] [LOG] 响应式 getter 访问: {key: isCritical, value: false, hasDep: false} @ http://localhost:8084/hetuimini.js:79
[      43ms] [LOG] 响应式 getter 访问: {key: isPublic, value: true, hasDep: false} @ http://localhost:8084/hetuimini.js:79
[      43ms] [LOG] 响应式 getter 访问: {key: name, value: 项目C, hasDep: false} @ http://localhost:8084/hetuimini.js:79
[      43ms] [LOG] 响应式 getter 访问: {key: status, value: 规划中, hasDep: false} @ http://localhost:8084/hetuimini.js:79
[      43ms] [LOG] 响应式 getter 访问: {key: isCritical, value: false, hasDep: false} @ http://localhost:8084/hetuimini.js:79
[      44ms] [LOG] 响应式 getter 访问: {key: isPublic, value: false, hasDep: false} @ http://localhost:8084/hetuimini.js:79
[      44ms] [LOG] 响应式 getter 访问: {key: value, value: true, hasDep: false} @ http://localhost:8084/hetuimini.js:79
[      44ms] [LOG] 响应式 getter 访问: {key: value, value: true, hasDep: false} @ http://localhost:8084/hetuimini.js:79
[      44ms] [LOG] 响应式 getter 访问: {key: name, value: 项目A, hasDep: false} @ http://localhost:8084/hetuimini.js:79
[      44ms] [LOG] 响应式 getter 访问: {key: status, value: 进行中, hasDep: false} @ http://localhost:8084/hetuimini.js:79
[      45ms] [LOG] 响应式 getter 访问: {key: isCritical, value: true, hasDep: false} @ http://localhost:8084/hetuimini.js:79
[      45ms] [LOG] 响应式 getter 访问: {key: isPublic, value: false, hasDep: false} @ http://localhost:8084/hetuimini.js:79
[      46ms] [LOG] 响应式 getter 访问: {key: name, value: 项目B, hasDep: false} @ http://localhost:8084/hetuimini.js:79
[      46ms] [LOG] 响应式 getter 访问: {key: status, value: 已完成, hasDep: false} @ http://localhost:8084/hetuimini.js:79
[      46ms] [LOG] 响应式 getter 访问: {key: isCritical, value: false, hasDep: false} @ http://localhost:8084/hetuimini.js:79
[      46ms] [LOG] 响应式 getter 访问: {key: isPublic, value: true, hasDep: false} @ http://localhost:8084/hetuimini.js:79
[      46ms] [LOG] 响应式 getter 访问: {key: name, value: 项目C, hasDep: false} @ http://localhost:8084/hetuimini.js:79
[      46ms] [LOG] 响应式 getter 访问: {key: status, value: 规划中, hasDep: false} @ http://localhost:8084/hetuimini.js:79
[      47ms] [LOG] 响应式 getter 访问: {key: isCritical, value: false, hasDep: false} @ http://localhost:8084/hetuimini.js:79
[      47ms] [LOG] 响应式 getter 访问: {key: isPublic, value: false, hasDep: false} @ http://localhost:8084/hetuimini.js:79
[     148ms] [LOG] Directive.parse 开始解析: {name: foreach:, value: simpleFruits} @ http://localhost:8084/hetuimini.js:557
[     149ms] [LOG] Directive.parse 简单路径: {value: simpleFruits, path: Array(1)} @ http://localhost:8084/hetuimini.js:594
[     149ms] [LOG] Directive.parse 解析结果: {directive: Object} @ http://localhost:8084/hetuimini.js:598
[     149ms] [LOG] Directive.bind 开始绑定: {directive: Object, element: li} @ http://localhost:8084/hetuimini.js:610
[     149ms] [LOG] bindForeach 初始化: {directive: Object, fieldPath: Array(1), data: Object} @ http://localhost:8084/hetuimini.js:1073
[     150ms] [LOG] Observer.startDep 开始收集依赖: {updateFn: function() {
                console.log('bindFor… updateFn 执行:', { fieldPath: fieldPath });
  ...} @ http://localhost:8084/hetuimini.js:298
[     150ms] [LOG] bindForeach updateFn 执行: {fieldPath: Array(1)} @ http://localhost:8084/hetuimini.js:1087
[     151ms] [LOG] bindForeach 获取数组: {fieldPath: Array(1), items: Array(3), isArray: true} @ http://localhost:8084/hetuimini.js:1089
[     151ms] [LOG] bindForeach 开始循环，数组长度: 3 @ http://localhost:8084/hetuimini.js:1104
[     151ms] [LOG] bindForeach 处理项: {index: 0, item: 苹果, type: string} @ http://localhost:8084/hetuimini.js:1108
[     152ms] [LOG] bindForeach 创建子数据对象: {subData: Object, item: 苹果} @ http://localhost:8084/hetuimini.js:1124
[     152ms] [LOG] bindForeach 原始值项: {item: 苹果} @ http://localhost:8084/hetuimini.js:1134
[     152ms] [LOG] bindForeach 最终子数据对象: {subData: Object} @ http://localhost:8084/hetuimini.js:1137
[     152ms] [LOG] bindForeach 绑定子指令: {name: :text, value: #index} @ http://localhost:8084/hetuimini.js:1150
[     153ms] [LOG] Directive.parse 开始解析: {name: :text, value: #index} @ http://localhost:8084/hetuimini.js:557
[     153ms] [LOG] Directive.parse 简单路径: {value: #index, path: Array(1)} @ http://localhost:8084/hetuimini.js:594
[     153ms] [LOG] Directive.parse 解析结果: {directive: Object} @ http://localhost:8084/hetuimini.js:598
[     153ms] [LOG] Directive.bind 开始绑定: {directive: Object, element: span} @ http://localhost:8084/hetuimini.js:610
[     153ms] [LOG] Observer.startDep 开始收集依赖: {updateFn: function() {
                var value = self.eva…eExpression(directive.value, data);
         ...} @ http://localhost:8084/hetuimini.js:298
[     154ms] [LOG] Observer.endDep 结束收集依赖 @ http://localhost:8084/hetuimini.js:306
[     154ms] [LOG] bindForeach 绑定子指令: {name: :text, value: #item} @ http://localhost:8084/hetuimini.js:1150
[     154ms] [LOG] Directive.parse 开始解析: {name: :text, value: #item} @ http://localhost:8084/hetuimini.js:557
[     154ms] [LOG] Directive.parse 简单路径: {value: #item, path: Array(1)} @ http://localhost:8084/hetuimini.js:594
[     154ms] [LOG] Directive.parse 解析结果: {directive: Object} @ http://localhost:8084/hetuimini.js:598
[     155ms] [LOG] Directive.bind 开始绑定: {directive: Object, element: span} @ http://localhost:8084/hetuimini.js:610
[     155ms] [LOG] Observer.startDep 开始收集依赖: {updateFn: function() {
                var value = self.eva…eExpression(directive.value, data);
         ...} @ http://localhost:8084/hetuimini.js:298
[     155ms] [LOG] Observer.endDep 结束收集依赖 @ http://localhost:8084/hetuimini.js:306
[     155ms] [LOG] bindForeach 处理项: {index: 1, item: 香蕉, type: string} @ http://localhost:8084/hetuimini.js:1108
[     156ms] [LOG] bindForeach 创建子数据对象: {subData: Object, item: 香蕉} @ http://localhost:8084/hetuimini.js:1124
[     156ms] [LOG] bindForeach 原始值项: {item: 香蕉} @ http://localhost:8084/hetuimini.js:1134
[     156ms] [LOG] bindForeach 最终子数据对象: {subData: Object} @ http://localhost:8084/hetuimini.js:1137
[     156ms] [LOG] bindForeach 绑定子指令: {name: :text, value: #index} @ http://localhost:8084/hetuimini.js:1150
[     157ms] [LOG] Directive.parse 开始解析: {name: :text, value: #index} @ http://localhost:8084/hetuimini.js:557
[     157ms] [LOG] Directive.parse 简单路径: {value: #index, path: Array(1)} @ http://localhost:8084/hetuimini.js:594
[     157ms] [LOG] Directive.parse 解析结果: {directive: Object} @ http://localhost:8084/hetuimini.js:598
[     157ms] [LOG] Directive.bind 开始绑定: {directive: Object, element: span} @ http://localhost:8084/hetuimini.js:610
[     157ms] [LOG] Observer.startDep 开始收集依赖: {updateFn: function() {
                var value = self.eva…eExpression(directive.value, data);
         ...} @ http://localhost:8084/hetuimini.js:298
[     157ms] [LOG] Observer.endDep 结束收集依赖 @ http://localhost:8084/hetuimini.js:306
[     158ms] [LOG] bindForeach 绑定子指令: {name: :text, value: #item} @ http://localhost:8084/hetuimini.js:1150
[     158ms] [LOG] Directive.parse 开始解析: {name: :text, value: #item} @ http://localhost:8084/hetuimini.js:557
[     158ms] [LOG] Directive.parse 简单路径: {value: #item, path: Array(1)} @ http://localhost:8084/hetuimini.js:594
[     158ms] [LOG] Directive.parse 解析结果: {directive: Object} @ http://localhost:8084/hetuimini.js:598
[     158ms] [LOG] Directive.bind 开始绑定: {directive: Object, element: span} @ http://localhost:8084/hetuimini.js:610
[     158ms] [LOG] Observer.startDep 开始收集依赖: {updateFn: function() {
                var value = self.eva…eExpression(directive.value, data);
         ...} @ http://localhost:8084/hetuimini.js:298
[     159ms] [LOG] Observer.endDep 结束收集依赖 @ http://localhost:8084/hetuimini.js:306
[     159ms] [LOG] bindForeach 处理项: {index: 2, item: 橙子, type: string} @ http://localhost:8084/hetuimini.js:1108
[     159ms] [LOG] bindForeach 创建子数据对象: {subData: Object, item: 橙子} @ http://localhost:8084/hetuimini.js:1124
[     159ms] [LOG] bindForeach 原始值项: {item: 橙子} @ http://localhost:8084/hetuimini.js:1134
[     159ms] [LOG] bindForeach 最终子数据对象: {subData: Object} @ http://localhost:8084/hetuimini.js:1137
[     160ms] [LOG] bindForeach 绑定子指令: {name: :text, value: #index} @ http://localhost:8084/hetuimini.js:1150
[     160ms] [LOG] Directive.parse 开始解析: {name: :text, value: #index} @ http://localhost:8084/hetuimini.js:557
[     160ms] [LOG] Directive.parse 简单路径: {value: #index, path: Array(1)} @ http://localhost:8084/hetuimini.js:594
[     160ms] [LOG] Directive.parse 解析结果: {directive: Object} @ http://localhost:8084/hetuimini.js:598
[     160ms] [LOG] Directive.bind 开始绑定: {directive: Object, element: span} @ http://localhost:8084/hetuimini.js:610
[     160ms] [LOG] Observer.startDep 开始收集依赖: {updateFn: function() {
                var value = self.eva…eExpression(directive.value, data);
         ...} @ http://localhost:8084/hetuimini.js:298
[     161ms] [LOG] Observer.endDep 结束收集依赖 @ http://localhost:8084/hetuimini.js:306
[     161ms] [LOG] bindForeach 绑定子指令: {name: :text, value: #item} @ http://localhost:8084/hetuimini.js:1150
[     161ms] [LOG] Directive.parse 开始解析: {name: :text, value: #item} @ http://localhost:8084/hetuimini.js:557
[     161ms] [LOG] Directive.parse 简单路径: {value: #item, path: Array(1)} @ http://localhost:8084/hetuimini.js:594
[     161ms] [LOG] Directive.parse 解析结果: {directive: Object} @ http://localhost:8084/hetuimini.js:598
[     161ms] [LOG] Directive.bind 开始绑定: {directive: Object, element: span} @ http://localhost:8084/hetuimini.js:610
[     162ms] [LOG] Observer.startDep 开始收集依赖: {updateFn: function() {
                var value = self.eva…eExpression(directive.value, data);
         ...} @ http://localhost:8084/hetuimini.js:298
[     162ms] [LOG] Observer.endDep 结束收集依赖 @ http://localhost:8084/hetuimini.js:306
[     162ms] [LOG] Observer.endDep 结束收集依赖 @ http://localhost:8084/hetuimini.js:306
[     162ms] [LOG] Directive.parse 开始解析: {name: :text, value: #index} @ http://localhost:8084/hetuimini.js:557
[     162ms] [LOG] Directive.parse 简单路径: {value: #index, path: Array(1)} @ http://localhost:8084/hetuimini.js:594
[     162ms] [LOG] Directive.parse 解析结果: {directive: Object} @ http://localhost:8084/hetuimini.js:598
[     162ms] [LOG] Directive.bind 开始绑定: {directive: Object, element: span} @ http://localhost:8084/hetuimini.js:610
[     162ms] [LOG] Observer.startDep 开始收集依赖: {updateFn: function() {
                var value = self.eva…eExpression(directive.value, data);
         ...} @ http://localhost:8084/hetuimini.js:298
[     163ms] [LOG] Observer.endDep 结束收集依赖 @ http://localhost:8084/hetuimini.js:306
[     163ms] [LOG] Directive.parse 开始解析: {name: :text, value: #item} @ http://localhost:8084/hetuimini.js:557
[     163ms] [LOG] Directive.parse 简单路径: {value: #item, path: Array(1)} @ http://localhost:8084/hetuimini.js:594
[     163ms] [LOG] Directive.parse 解析结果: {directive: Object} @ http://localhost:8084/hetuimini.js:598
[     163ms] [LOG] Directive.bind 开始绑定: {directive: Object, element: span} @ http://localhost:8084/hetuimini.js:610
[     163ms] [LOG] Observer.startDep 开始收集依赖: {updateFn: function() {
                var value = self.eva…eExpression(directive.value, data);
         ...} @ http://localhost:8084/hetuimini.js:298
[     163ms] [LOG] Observer.endDep 结束收集依赖 @ http://localhost:8084/hetuimini.js:306
[     164ms] [LOG] Directive.parse 开始解析: {name: if:, value: showWarning} @ http://localhost:8084/hetuimini.js:557
[     164ms] [LOG] Directive.parse 简单路径: {value: showWarning, path: Array(1)} @ http://localhost:8084/hetuimini.js:594
[     164ms] [LOG] Directive.parse 解析结果: {directive: Object} @ http://localhost:8084/hetuimini.js:598
[     164ms] [LOG] Directive.bind 开始绑定: {directive: Object, element: div.error} @ http://localhost:8084/hetuimini.js:610
[     164ms] [LOG] Observer.startDep 开始收集依赖: {updateFn: function() {
                var value = self.get…eByPath(data, fieldPath);
                
 ...} @ http://localhost:8084/hetuimini.js:298
[     165ms] [LOG] Observer.endDep 结束收集依赖 @ http://localhost:8084/hetuimini.js:306
[     165ms] [LOG] Directive.parse 开始解析: {name: if:, value: hideInfo} @ http://localhost:8084/hetuimini.js:557
[     165ms] [LOG] Directive.parse 简单路径: {value: hideInfo, path: Array(1)} @ http://localhost:8084/hetuimini.js:594
[     165ms] [LOG] Directive.parse 解析结果: {directive: Object} @ http://localhost:8084/hetuimini.js:598
[     165ms] [LOG] Directive.bind 开始绑定: {directive: Object, element: div.info} @ http://localhost:8084/hetuimini.js:610
[     165ms] [LOG] Observer.startDep 开始收集依赖: {updateFn: function() {
                var value = self.get…eByPath(data, fieldPath);
                
 ...} @ http://localhost:8084/hetuimini.js:298
[     166ms] [LOG] Observer.endDep 结束收集依赖 @ http://localhost:8084/hetuimini.js:306
[     166ms] [LOG] Directive.parse 开始解析: {name: @click, value: toggleWarning} @ http://localhost:8084/hetuimini.js:557
[     166ms] [LOG] Directive.parse 简单路径: {value: toggleWarning, path: Array(1)} @ http://localhost:8084/hetuimini.js:594
[     166ms] [LOG] Directive.parse 解析结果: {directive: Object} @ http://localhost:8084/hetuimini.js:598
[     166ms] [LOG] Directive.bind 开始绑定: {directive: Object, element: button} @ http://localhost:8084/hetuimini.js:610
[     167ms] [LOG] Directive.parse 开始解析: {name: @click, value: toggleInfo} @ http://localhost:8084/hetuimini.js:557
[     167ms] [LOG] Directive.parse 简单路径: {value: toggleInfo, path: Array(1)} @ http://localhost:8084/hetuimini.js:594
[     167ms] [LOG] Directive.parse 解析结果: {directive: Object} @ http://localhost:8084/hetuimini.js:598
[     167ms] [LOG] Directive.bind 开始绑定: {directive: Object, element: button} @ http://localhost:8084/hetuimini.js:610
[     167ms] [LOG] Directive.parse 开始解析: {name: show:, value: isVisible} @ http://localhost:8084/hetuimini.js:557
[     167ms] [LOG] Directive.parse 简单路径: {value: isVisible, path: Array(1)} @ http://localhost:8084/hetuimini.js:594
[     167ms] [LOG] Directive.parse 解析结果: {directive: Object} @ http://localhost:8084/hetuimini.js:598
[     167ms] [LOG] Directive.bind 开始绑定: {directive: Object, element: div.success} @ http://localhost:8084/hetuimini.js:610
[     168ms] [LOG] Observer.startDep 开始收集依赖: {updateFn: function() {
                var value = self.get…eByPath(data, fieldPath);
                ele...} @ http://localhost:8084/hetuimini.js:298
[     168ms] [LOG] Observer.endDep 结束收集依赖 @ http://localhost:8084/hetuimini.js:306
[     168ms] [LOG] Directive.parse 开始解析: {name: show:, value: isHidden} @ http://localhost:8084/hetuimini.js:557
[     168ms] [LOG] Directive.parse 简单路径: {value: isHidden, path: Array(1)} @ http://localhost:8084/hetuimini.js:594
[     168ms] [LOG] Directive.parse 解析结果: {directive: Object} @ http://localhost:8084/hetuimini.js:598
[     168ms] [LOG] Directive.bind 开始绑定: {directive: Object, element: div.info} @ http://localhost:8084/hetuimini.js:610
[     168ms] [LOG] Observer.startDep 开始收集依赖: {updateFn: function() {
                var value = self.get…eByPath(data, fieldPath);
                ele...} @ http://localhost:8084/hetuimini.js:298
[     169ms] [LOG] Observer.endDep 结束收集依赖 @ http://localhost:8084/hetuimini.js:306
[     169ms] [LOG] Directive.parse 开始解析: {name: @click, value: toggleVisible} @ http://localhost:8084/hetuimini.js:557
[     169ms] [LOG] Directive.parse 简单路径: {value: toggleVisible, path: Array(1)} @ http://localhost:8084/hetuimini.js:594
[     169ms] [LOG] Directive.parse 解析结果: {directive: Object} @ http://localhost:8084/hetuimini.js:598
[     169ms] [LOG] Directive.bind 开始绑定: {directive: Object, element: button} @ http://localhost:8084/hetuimini.js:610
[     169ms] [LOG] Directive.parse 开始解析: {name: @click, value: toggleHidden} @ http://localhost:8084/hetuimini.js:557
[     170ms] [LOG] Directive.parse 简单路径: {value: toggleHidden, path: Array(1)} @ http://localhost:8084/hetuimini.js:594
[     170ms] [LOG] Directive.parse 解析结果: {directive: Object} @ http://localhost:8084/hetuimini.js:598
[     170ms] [LOG] Directive.bind 开始绑定: {directive: Object, element: button} @ http://localhost:8084/hetuimini.js:610
[     170ms] [LOG] Directive.parse 开始解析: {name: foreach:, value: user:contacts} @ http://localhost:8084/hetuimini.js:557
[     170ms] [LOG] Directive.parse 冒号分隔路径: {value: user:contacts, path: Array(2)} @ http://localhost:8084/hetuimini.js:591
[     170ms] [LOG] Directive.parse 解析结果: {directive: Object} @ http://localhost:8084/hetuimini.js:598
[     170ms] [LOG] Directive.bind 开始绑定: {directive: Object, element: li} @ http://localhost:8084/hetuimini.js:610
[     171ms] [LOG] bindForeach 初始化: {directive: Object, fieldPath: Array(2), data: Object} @ http://localhost:8084/hetuimini.js:1073
[     171ms] [LOG] Observer.startDep 开始收集依赖: {updateFn: function() {
                console.log('bindFor… updateFn 执行:', { fieldPath: fieldPath });
  ...} @ http://localhost:8084/hetuimini.js:298
[     171ms] [LOG] bindForeach updateFn 执行: {fieldPath: Array(2)} @ http://localhost:8084/hetuimini.js:1087
[     171ms] [LOG] bindForeach 获取数组: {fieldPath: Array(2), items: Array(2), isArray: true} @ http://localhost:8084/hetuimini.js:1089
[     172ms] [LOG] bindForeach 开始循环，数组长度: 2 @ http://localhost:8084/hetuimini.js:1104
[     172ms] [LOG] bindForeach 处理项: {index: 0, item: Object, type: object} @ http://localhost:8084/hetuimini.js:1108
[     172ms] [LOG] bindForeach 创建子数据对象: {subData: Object, item: Object} @ http://localhost:8084/hetuimini.js:1124
[     172ms] [LOG] bindForeach 对象项，添加属性 @ http://localhost:8084/hetuimini.js:1128
[     172ms] [LOG] 响应式 getter 访问: {key: name, value: 张三, hasDep: true} @ http://localhost:8084/hetuimini.js:79
[     173ms] [LOG] 响应式 getter 收集依赖: {key: name, depSize: 1} @ http://localhost:8084/hetuimini.js:83
[     173ms] [LOG] 响应式 getter 访问: {key: email, value: zhangsan@example.com, hasDep: true} @ http://localhost:8084/hetuimini.js:79
[     173ms] [LOG] 响应式 getter 收集依赖: {key: email, depSize: 1} @ http://localhost:8084/hetuimini.js:83
[     173ms] [LOG] bindForeach 最终子数据对象: {subData: Object} @ http://localhost:8084/hetuimini.js:1137
[     173ms] [LOG] bindForeach 绑定子指令: {name: :text, value: #index} @ http://localhost:8084/hetuimini.js:1150
[     174ms] [LOG] Directive.parse 开始解析: {name: :text, value: #index} @ http://localhost:8084/hetuimini.js:557
[     174ms] [LOG] Directive.parse 简单路径: {value: #index, path: Array(1)} @ http://localhost:8084/hetuimini.js:594
[     174ms] [LOG] Directive.parse 解析结果: {directive: Object} @ http://localhost:8084/hetuimini.js:598
[     174ms] [LOG] Directive.bind 开始绑定: {directive: Object, element: span} @ http://localhost:8084/hetuimini.js:610
[     174ms] [LOG] Observer.startDep 开始收集依赖: {updateFn: function() {
                var value = self.eva…eExpression(directive.value, data);
         ...} @ http://localhost:8084/hetuimini.js:298
[     175ms] [LOG] Observer.endDep 结束收集依赖 @ http://localhost:8084/hetuimini.js:306
[     175ms] [LOG] bindForeach 绑定子指令: {name: :text, value: name} @ http://localhost:8084/hetuimini.js:1150
[     175ms] [LOG] Directive.parse 开始解析: {name: :text, value: name} @ http://localhost:8084/hetuimini.js:557
[     175ms] [LOG] Directive.parse 简单路径: {value: name, path: Array(1)} @ http://localhost:8084/hetuimini.js:594
[     175ms] [LOG] Directive.parse 解析结果: {directive: Object} @ http://localhost:8084/hetuimini.js:598
[     175ms] [LOG] Directive.bind 开始绑定: {directive: Object, element: span} @ http://localhost:8084/hetuimini.js:610
[     176ms] [LOG] Observer.startDep 开始收集依赖: {updateFn: function() {
                var value = self.eva…eExpression(directive.value, data);
         ...} @ http://localhost:8084/hetuimini.js:298
[     176ms] [LOG] Observer.endDep 结束收集依赖 @ http://localhost:8084/hetuimini.js:306
[     176ms] [LOG] bindForeach 绑定子指令: {name: :text, value: email} @ http://localhost:8084/hetuimini.js:1150
[     176ms] [LOG] Directive.parse 开始解析: {name: :text, value: email} @ http://localhost:8084/hetuimini.js:557
[     176ms] [LOG] Directive.parse 简单路径: {value: email, path: Array(1)} @ http://localhost:8084/hetuimini.js:594
[     176ms] [LOG] Directive.parse 解析结果: {directive: Object} @ http://localhost:8084/hetuimini.js:598
[     177ms] [LOG] Directive.bind 开始绑定: {directive: Object, element: span} @ http://localhost:8084/hetuimini.js:610
[     177ms] [LOG] Observer.startDep 开始收集依赖: {updateFn: function() {
                var value = self.eva…eExpression(directive.value, data);
         ...} @ http://localhost:8084/hetuimini.js:298
[     177ms] [LOG] Observer.endDep 结束收集依赖 @ http://localhost:8084/hetuimini.js:306
[     177ms] [LOG] bindForeach 处理项: {index: 1, item: Object, type: object} @ http://localhost:8084/hetuimini.js:1108
[     177ms] [LOG] bindForeach 创建子数据对象: {subData: Object, item: Object} @ http://localhost:8084/hetuimini.js:1124
[     178ms] [LOG] bindForeach 对象项，添加属性 @ http://localhost:8084/hetuimini.js:1128
[     178ms] [LOG] 响应式 getter 访问: {key: name, value: 李四, hasDep: false} @ http://localhost:8084/hetuimini.js:79
[     178ms] [LOG] 响应式 getter 访问: {key: email, value: lisi@example.com, hasDep: false} @ http://localhost:8084/hetuimini.js:79
[     178ms] [LOG] bindForeach 最终子数据对象: {subData: Object} @ http://localhost:8084/hetuimini.js:1137
[     178ms] [LOG] bindForeach 绑定子指令: {name: :text, value: #index} @ http://localhost:8084/hetuimini.js:1150
[     178ms] [LOG] Directive.parse 开始解析: {name: :text, value: #index} @ http://localhost:8084/hetuimini.js:557
[     178ms] [LOG] Directive.parse 简单路径: {value: #index, path: Array(1)} @ http://localhost:8084/hetuimini.js:594
[     179ms] [LOG] Directive.parse 解析结果: {directive: Object} @ http://localhost:8084/hetuimini.js:598
[     179ms] [LOG] Directive.bind 开始绑定: {directive: Object, element: span} @ http://localhost:8084/hetuimini.js:610
[     179ms] [LOG] Observer.startDep 开始收集依赖: {updateFn: function() {
                var value = self.eva…eExpression(directive.value, data);
         ...} @ http://localhost:8084/hetuimini.js:298
[     179ms] [LOG] Observer.endDep 结束收集依赖 @ http://localhost:8084/hetuimini.js:306
[     179ms] [LOG] bindForeach 绑定子指令: {name: :text, value: name} @ http://localhost:8084/hetuimini.js:1150
[     179ms] [LOG] Directive.parse 开始解析: {name: :text, value: name} @ http://localhost:8084/hetuimini.js:557
[     180ms] [LOG] Directive.parse 简单路径: {value: name, path: Array(1)} @ http://localhost:8084/hetuimini.js:594
[     180ms] [LOG] Directive.parse 解析结果: {directive: Object} @ http://localhost:8084/hetuimini.js:598
[     180ms] [LOG] Directive.bind 开始绑定: {directive: Object, element: span} @ http://localhost:8084/hetuimini.js:610
[     180ms] [LOG] Observer.startDep 开始收集依赖: {updateFn: function() {
                var value = self.eva…eExpression(directive.value, data);
         ...} @ http://localhost:8084/hetuimini.js:298
[     180ms] [LOG] Observer.endDep 结束收集依赖 @ http://localhost:8084/hetuimini.js:306
[     180ms] [LOG] bindForeach 绑定子指令: {name: :text, value: email} @ http://localhost:8084/hetuimini.js:1150
[     180ms] [LOG] Directive.parse 开始解析: {name: :text, value: email} @ http://localhost:8084/hetuimini.js:557
[     181ms] [LOG] Directive.parse 简单路径: {value: email, path: Array(1)} @ http://localhost:8084/hetuimini.js:594
[     181ms] [LOG] Directive.parse 解析结果: {directive: Object} @ http://localhost:8084/hetuimini.js:598
[     181ms] [LOG] Directive.bind 开始绑定: {directive: Object, element: span} @ http://localhost:8084/hetuimini.js:610
[     181ms] [LOG] Observer.startDep 开始收集依赖: {updateFn: function() {
                var value = self.eva…eExpression(directive.value, data);
         ...} @ http://localhost:8084/hetuimini.js:298
[     182ms] [LOG] Observer.endDep 结束收集依赖 @ http://localhost:8084/hetuimini.js:306
[     182ms] [LOG] Observer.endDep 结束收集依赖 @ http://localhost:8084/hetuimini.js:306
[     182ms] [LOG] Directive.parse 开始解析: {name: :text, value: #index} @ http://localhost:8084/hetuimini.js:557
[     182ms] [LOG] Directive.parse 简单路径: {value: #index, path: Array(1)} @ http://localhost:8084/hetuimini.js:594
[     182ms] [LOG] Directive.parse 解析结果: {directive: Object} @ http://localhost:8084/hetuimini.js:598
[     182ms] [LOG] Directive.bind 开始绑定: {directive: Object, element: span} @ http://localhost:8084/hetuimini.js:610
[     182ms] [LOG] Observer.startDep 开始收集依赖: {updateFn: function() {
                var value = self.eva…eExpression(directive.value, data);
         ...} @ http://localhost:8084/hetuimini.js:298
[     182ms] [LOG] Observer.endDep 结束收集依赖 @ http://localhost:8084/hetuimini.js:306
[     182ms] [LOG] Directive.parse 开始解析: {name: :text, value: name} @ http://localhost:8084/hetuimini.js:557
[     183ms] [LOG] Directive.parse 简单路径: {value: name, path: Array(1)} @ http://localhost:8084/hetuimini.js:594
[     183ms] [LOG] Directive.parse 解析结果: {directive: Object} @ http://localhost:8084/hetuimini.js:598
[     183ms] [LOG] Directive.bind 开始绑定: {directive: Object, element: span} @ http://localhost:8084/hetuimini.js:610
[     183ms] [LOG] Observer.startDep 开始收集依赖: {updateFn: function() {
                var value = self.eva…eExpression(directive.value, data);
         ...} @ http://localhost:8084/hetuimini.js:298
[     183ms] [LOG] Observer.endDep 结束收集依赖 @ http://localhost:8084/hetuimini.js:306
[     183ms] [LOG] Directive.parse 开始解析: {name: :text, value: email} @ http://localhost:8084/hetuimini.js:557
[     184ms] [LOG] Directive.parse 简单路径: {value: email, path: Array(1)} @ http://localhost:8084/hetuimini.js:594
[     184ms] [LOG] Directive.parse 解析结果: {directive: Object} @ http://localhost:8084/hetuimini.js:598
[     184ms] [LOG] Directive.bind 开始绑定: {directive: Object, element: span} @ http://localhost:8084/hetuimini.js:610
[     184ms] [LOG] Observer.startDep 开始收集依赖: {updateFn: function() {
                var value = self.eva…eExpression(directive.value, data);
         ...} @ http://localhost:8084/hetuimini.js:298
[     184ms] [LOG] Observer.endDep 结束收集依赖 @ http://localhost:8084/hetuimini.js:306
[     184ms] [LOG] Directive.parse 开始解析: {name: if:, value: user:settings:showAdvanced} @ http://localhost:8084/hetuimini.js:557
[     184ms] [LOG] Directive.parse 冒号分隔路径: {value: user:settings:showAdvanced, path: Array(3)} @ http://localhost:8084/hetuimini.js:591
[     185ms] [LOG] Directive.parse 解析结果: {directive: Object} @ http://localhost:8084/hetuimini.js:598
[     185ms] [LOG] Directive.bind 开始绑定: {directive: Object, element: div.info} @ http://localhost:8084/hetuimini.js:610
[     185ms] [LOG] Observer.startDep 开始收集依赖: {updateFn: function() {
                var value = self.get…eByPath(data, fieldPath);
                
 ...} @ http://localhost:8084/hetuimini.js:298
[     185ms] [LOG] Observer.endDep 结束收集依赖 @ http://localhost:8084/hetuimini.js:306
[     185ms] [LOG] Directive.parse 开始解析: {name: if:, value: user:permissions:canEdit} @ http://localhost:8084/hetuimini.js:557
[     185ms] [LOG] Directive.parse 冒号分隔路径: {value: user:permissions:canEdit, path: Array(3)} @ http://localhost:8084/hetuimini.js:591
[     185ms] [LOG] Directive.parse 解析结果: {directive: Object} @ http://localhost:8084/hetuimini.js:598
[     186ms] [LOG] Directive.bind 开始绑定: {directive: Object, element: div.success} @ http://localhost:8084/hetuimini.js:610
[     186ms] [LOG] Observer.startDep 开始收集依赖: {updateFn: function() {
                var value = self.get…eByPath(data, fieldPath);
                
 ...} @ http://localhost:8084/hetuimini.js:298
[     186ms] [LOG] Observer.endDep 结束收集依赖 @ http://localhost:8084/hetuimini.js:306
[     186ms] [LOG] Directive.parse 开始解析: {name: @click, value: toggleAdvanced} @ http://localhost:8084/hetuimini.js:557
[     186ms] [LOG] Directive.parse 简单路径: {value: toggleAdvanced, path: Array(1)} @ http://localhost:8084/hetuimini.js:594
[     186ms] [LOG] Directive.parse 解析结果: {directive: Object} @ http://localhost:8084/hetuimini.js:598
[     187ms] [LOG] Directive.bind 开始绑定: {directive: Object, element: button} @ http://localhost:8084/hetuimini.js:610
[     187ms] [LOG] Directive.parse 开始解析: {name: @click, value: toggleEditPermission} @ http://localhost:8084/hetuimini.js:557
[     187ms] [LOG] Directive.parse 简单路径: {value: toggleEditPermission, path: Array(1)} @ http://localhost:8084/hetuimini.js:594
[     187ms] [LOG] Directive.parse 解析结果: {directive: Object} @ http://localhost:8084/hetuimini.js:598
[     187ms] [LOG] Directive.bind 开始绑定: {directive: Object, element: button} @ http://localhost:8084/hetuimini.js:610
[     187ms] [LOG] Directive.parse 开始解析: {name: show:, value: user:profile:isPublic} @ http://localhost:8084/hetuimini.js:557
[     188ms] [LOG] Directive.parse 冒号分隔路径: {value: user:profile:isPublic, path: Array(3)} @ http://localhost:8084/hetuimini.js:591
[     188ms] [LOG] Directive.parse 解析结果: {directive: Object} @ http://localhost:8084/hetuimini.js:598
[     188ms] [LOG] Directive.bind 开始绑定: {directive: Object, element: div.success} @ http://localhost:8084/hetuimini.js:610
[     188ms] [LOG] Observer.startDep 开始收集依赖: {updateFn: function() {
                var value = self.get…eByPath(data, fieldPath);
                ele...} @ http://localhost:8084/hetuimini.js:298
[     188ms] [LOG] Observer.endDep 结束收集依赖 @ http://localhost:8084/hetuimini.js:306
[     188ms] [LOG] Directive.parse 开始解析: {name: show:, value: user:profile:showEmail} @ http://localhost:8084/hetuimini.js:557
[     189ms] [LOG] Directive.parse 冒号分隔路径: {value: user:profile:showEmail, path: Array(3)} @ http://localhost:8084/hetuimini.js:591
[     189ms] [LOG] Directive.parse 解析结果: {directive: Object} @ http://localhost:8084/hetuimini.js:598
[     189ms] [LOG] Directive.bind 开始绑定: {directive: Object, element: div.info} @ http://localhost:8084/hetuimini.js:610
[     189ms] [LOG] Observer.startDep 开始收集依赖: {updateFn: function() {
                var value = self.get…eByPath(data, fieldPath);
                ele...} @ http://localhost:8084/hetuimini.js:298
[     189ms] [LOG] Observer.endDep 结束收集依赖 @ http://localhost:8084/hetuimini.js:306
[     189ms] [LOG] Directive.parse 开始解析: {name: @click, value: togglePublic} @ http://localhost:8084/hetuimini.js:557
[     189ms] [LOG] Directive.parse 简单路径: {value: togglePublic, path: Array(1)} @ http://localhost:8084/hetuimini.js:594
[     190ms] [LOG] Directive.parse 解析结果: {directive: Object} @ http://localhost:8084/hetuimini.js:598
[     190ms] [LOG] Directive.bind 开始绑定: {directive: Object, element: button} @ http://localhost:8084/hetuimini.js:610
[     190ms] [LOG] Directive.parse 开始解析: {name: @click, value: toggleShowEmail} @ http://localhost:8084/hetuimini.js:557
[     190ms] [LOG] Directive.parse 简单路径: {value: toggleShowEmail, path: Array(1)} @ http://localhost:8084/hetuimini.js:594
[     190ms] [LOG] Directive.parse 解析结果: {directive: Object} @ http://localhost:8084/hetuimini.js:598
[     190ms] [LOG] Directive.bind 开始绑定: {directive: Object, element: button} @ http://localhost:8084/hetuimini.js:610
[     191ms] [LOG] Directive.parse 开始解析: {name: foreach:, value: filteredUsers} @ http://localhost:8084/hetuimini.js:557
[     191ms] [LOG] Directive.parse 简单路径: {value: filteredUsers, path: Array(1)} @ http://localhost:8084/hetuimini.js:594
[     191ms] [LOG] Directive.parse 解析结果: {directive: Object} @ http://localhost:8084/hetuimini.js:598
[     191ms] [LOG] Directive.bind 开始绑定: {directive: Object, element: li} @ http://localhost:8084/hetuimini.js:610
[     191ms] [LOG] bindForeach 初始化: {directive: Object, fieldPath: Array(1), data: Object} @ http://localhost:8084/hetuimini.js:1073
[     192ms] [LOG] Observer.startDep 开始收集依赖: {updateFn: function() {
                console.log('bindFor… updateFn 执行:', { fieldPath: fieldPath });
  ...} @ http://localhost:8084/hetuimini.js:298
[     192ms] [LOG] bindForeach updateFn 执行: {fieldPath: Array(1)} @ http://localhost:8084/hetuimini.js:1087
[     192ms] [LOG] bindForeach 获取数组: {fieldPath: Array(1), items: Array(3), isArray: true} @ http://localhost:8084/hetuimini.js:1089
[     192ms] [LOG] bindForeach 开始循环，数组长度: 3 @ http://localhost:8084/hetuimini.js:1104
[     192ms] [LOG] bindForeach 处理项: {index: 0, item: Object, type: object} @ http://localhost:8084/hetuimini.js:1108
[     192ms] [LOG] bindForeach 创建子数据对象: {subData: Object, item: Object} @ http://localhost:8084/hetuimini.js:1124
[     193ms] [LOG] bindForeach 对象项，添加属性 @ http://localhost:8084/hetuimini.js:1128
[     193ms] [LOG] 响应式 getter 访问: {key: name, value: 张三, hasDep: true} @ http://localhost:8084/hetuimini.js:79
[     193ms] [LOG] 响应式 getter 收集依赖: {key: name, depSize: 1} @ http://localhost:8084/hetuimini.js:83
[     193ms] [LOG] 响应式 getter 访问: {key: isActive, value: true, hasDep: true} @ http://localhost:8084/hetuimini.js:79
[     193ms] [LOG] 响应式 getter 收集依赖: {key: isActive, depSize: 1} @ http://localhost:8084/hetuimini.js:83
[     193ms] [LOG] 响应式 getter 访问: {key: isVIP, value: false, hasDep: true} @ http://localhost:8084/hetuimini.js:79
[     194ms] [LOG] 响应式 getter 收集依赖: {key: isVIP, depSize: 1} @ http://localhost:8084/hetuimini.js:83
[     194ms] [LOG] bindForeach 最终子数据对象: {subData: Object} @ http://localhost:8084/hetuimini.js:1137
[     194ms] [LOG] bindForeach 绑定子指令: {name: :text, value: #index} @ http://localhost:8084/hetuimini.js:1150
[     194ms] [LOG] Directive.parse 开始解析: {name: :text, value: #index} @ http://localhost:8084/hetuimini.js:557
[     194ms] [LOG] Directive.parse 简单路径: {value: #index, path: Array(1)} @ http://localhost:8084/hetuimini.js:594
[     194ms] [LOG] Directive.parse 解析结果: {directive: Object} @ http://localhost:8084/hetuimini.js:598
[     195ms] [LOG] Directive.bind 开始绑定: {directive: Object, element: span} @ http://localhost:8084/hetuimini.js:610
[     195ms] [LOG] Observer.startDep 开始收集依赖: {updateFn: function() {
                var value = self.eva…eExpression(directive.value, data);
         ...} @ http://localhost:8084/hetuimini.js:298
[     195ms] [LOG] Observer.endDep 结束收集依赖 @ http://localhost:8084/hetuimini.js:306
[     195ms] [LOG] bindForeach 绑定子指令: {name: :text, value: name} @ http://localhost:8084/hetuimini.js:1150
[     195ms] [LOG] Directive.parse 开始解析: {name: :text, value: name} @ http://localhost:8084/hetuimini.js:557
[     196ms] [LOG] Directive.parse 简单路径: {value: name, path: Array(1)} @ http://localhost:8084/hetuimini.js:594
[     196ms] [LOG] Directive.parse 解析结果: {directive: Object} @ http://localhost:8084/hetuimini.js:598
[     196ms] [LOG] Directive.bind 开始绑定: {directive: Object, element: span} @ http://localhost:8084/hetuimini.js:610
[     196ms] [LOG] Observer.startDep 开始收集依赖: {updateFn: function() {
                var value = self.eva…eExpression(directive.value, data);
         ...} @ http://localhost:8084/hetuimini.js:298
[     196ms] [LOG] Observer.endDep 结束收集依赖 @ http://localhost:8084/hetuimini.js:306
[     197ms] [LOG] bindForeach 处理项: {index: 1, item: Object, type: object} @ http://localhost:8084/hetuimini.js:1108
[     197ms] [LOG] bindForeach 创建子数据对象: {subData: Object, item: Object} @ http://localhost:8084/hetuimini.js:1124
[     197ms] [LOG] bindForeach 对象项，添加属性 @ http://localhost:8084/hetuimini.js:1128
[     197ms] [LOG] 响应式 getter 访问: {key: name, value: 李四, hasDep: false} @ http://localhost:8084/hetuimini.js:79
[     197ms] [LOG] 响应式 getter 访问: {key: isActive, value: false, hasDep: false} @ http://localhost:8084/hetuimini.js:79
[     197ms] [LOG] 响应式 getter 访问: {key: isVIP, value: true, hasDep: false} @ http://localhost:8084/hetuimini.js:79
[     198ms] [LOG] bindForeach 最终子数据对象: {subData: Object} @ http://localhost:8084/hetuimini.js:1137
[     198ms] [LOG] bindForeach 绑定子指令: {name: :text, value: #index} @ http://localhost:8084/hetuimini.js:1150
[     198ms] [LOG] Directive.parse 开始解析: {name: :text, value: #index} @ http://localhost:8084/hetuimini.js:557
[     198ms] [LOG] Directive.parse 简单路径: {value: #index, path: Array(1)} @ http://localhost:8084/hetuimini.js:594
[     198ms] [LOG] Directive.parse 解析结果: {directive: Object} @ http://localhost:8084/hetuimini.js:598
[     198ms] [LOG] Directive.bind 开始绑定: {directive: Object, element: span} @ http://localhost:8084/hetuimini.js:610
[     198ms] [LOG] Observer.startDep 开始收集依赖: {updateFn: function() {
                var value = self.eva…eExpression(directive.value, data);
         ...} @ http://localhost:8084/hetuimini.js:298
[     199ms] [LOG] Observer.endDep 结束收集依赖 @ http://localhost:8084/hetuimini.js:306
[     199ms] [LOG] bindForeach 绑定子指令: {name: :text, value: name} @ http://localhost:8084/hetuimini.js:1150
[     199ms] [LOG] Directive.parse 开始解析: {name: :text, value: name} @ http://localhost:8084/hetuimini.js:557
[     199ms] [LOG] Directive.parse 简单路径: {value: name, path: Array(1)} @ http://localhost:8084/hetuimini.js:594
[     199ms] [LOG] Directive.parse 解析结果: {directive: Object} @ http://localhost:8084/hetuimini.js:598
[     199ms] [LOG] Directive.bind 开始绑定: {directive: Object, element: span} @ http://localhost:8084/hetuimini.js:610
[     199ms] [LOG] Observer.startDep 开始收集依赖: {updateFn: function() {
                var value = self.eva…eExpression(directive.value, data);
         ...} @ http://localhost:8084/hetuimini.js:298
[     200ms] [LOG] Observer.endDep 结束收集依赖 @ http://localhost:8084/hetuimini.js:306
[     200ms] [LOG] bindForeach 处理项: {index: 2, item: Object, type: object} @ http://localhost:8084/hetuimini.js:1108
[     200ms] [LOG] bindForeach 创建子数据对象: {subData: Object, item: Object} @ http://localhost:8084/hetuimini.js:1124
[     200ms] [LOG] bindForeach 对象项，添加属性 @ http://localhost:8084/hetuimini.js:1128
[     200ms] [LOG] 响应式 getter 访问: {key: name, value: 王五, hasDep: false} @ http://localhost:8084/hetuimini.js:79
[     200ms] [LOG] 响应式 getter 访问: {key: isActive, value: true, hasDep: false} @ http://localhost:8084/hetuimini.js:79
[     201ms] [LOG] 响应式 getter 访问: {key: isVIP, value: true, hasDep: false} @ http://localhost:8084/hetuimini.js:79
[     201ms] [LOG] bindForeach 最终子数据对象: {subData: Object} @ http://localhost:8084/hetuimini.js:1137
[     201ms] [LOG] bindForeach 绑定子指令: {name: :text, value: #index} @ http://localhost:8084/hetuimini.js:1150
[     201ms] [LOG] Directive.parse 开始解析: {name: :text, value: #index} @ http://localhost:8084/hetuimini.js:557
[     201ms] [LOG] Directive.parse 简单路径: {value: #index, path: Array(1)} @ http://localhost:8084/hetuimini.js:594
[     202ms] [LOG] Directive.parse 解析结果: {directive: Object} @ http://localhost:8084/hetuimini.js:598
[     202ms] [LOG] Directive.bind 开始绑定: {directive: Object, element: span} @ http://localhost:8084/hetuimini.js:610
[     202ms] [LOG] Observer.startDep 开始收集依赖: {updateFn: function() {
                var value = self.eva…eExpression(directive.value, data);
         ...} @ http://localhost:8084/hetuimini.js:298
[     202ms] [LOG] Observer.endDep 结束收集依赖 @ http://localhost:8084/hetuimini.js:306
[     202ms] [LOG] bindForeach 绑定子指令: {name: :text, value: name} @ http://localhost:8084/hetuimini.js:1150
[     202ms] [LOG] Directive.parse 开始解析: {name: :text, value: name} @ http://localhost:8084/hetuimini.js:557
[     203ms] [LOG] Directive.parse 简单路径: {value: name, path: Array(1)} @ http://localhost:8084/hetuimini.js:594
[     203ms] [LOG] Directive.parse 解析结果: {directive: Object} @ http://localhost:8084/hetuimini.js:598
[     203ms] [LOG] Directive.bind 开始绑定: {directive: Object, element: span} @ http://localhost:8084/hetuimini.js:610
[     203ms] [LOG] Observer.startDep 开始收集依赖: {updateFn: function() {
                var value = self.eva…eExpression(directive.value, data);
         ...} @ http://localhost:8084/hetuimini.js:298
[     203ms] [LOG] Observer.endDep 结束收集依赖 @ http://localhost:8084/hetuimini.js:306
[     203ms] [LOG] Observer.endDep 结束收集依赖 @ http://localhost:8084/hetuimini.js:306
[     203ms] [LOG] Directive.parse 开始解析: {name: :text, value: #index} @ http://localhost:8084/hetuimini.js:557
[     204ms] [LOG] Directive.parse 简单路径: {value: #index, path: Array(1)} @ http://localhost:8084/hetuimini.js:594
[     204ms] [LOG] Directive.parse 解析结果: {directive: Object} @ http://localhost:8084/hetuimini.js:598
[     204ms] [LOG] Directive.bind 开始绑定: {directive: Object, element: span} @ http://localhost:8084/hetuimini.js:610
[     204ms] [LOG] Observer.startDep 开始收集依赖: {updateFn: function() {
                var value = self.eva…eExpression(directive.value, data);
         ...} @ http://localhost:8084/hetuimini.js:298
[     204ms] [LOG] Observer.endDep 结束收集依赖 @ http://localhost:8084/hetuimini.js:306
[     204ms] [LOG] Directive.parse 开始解析: {name: :text, value: name} @ http://localhost:8084/hetuimini.js:557
[     204ms] [LOG] Directive.parse 简单路径: {value: name, path: Array(1)} @ http://localhost:8084/hetuimini.js:594
[     205ms] [LOG] Directive.parse 解析结果: {directive: Object} @ http://localhost:8084/hetuimini.js:598
[     205ms] [LOG] Directive.bind 开始绑定: {directive: Object, element: span} @ http://localhost:8084/hetuimini.js:610
[     205ms] [LOG] Observer.startDep 开始收集依赖: {updateFn: function() {
                var value = self.eva…eExpression(directive.value, data);
         ...} @ http://localhost:8084/hetuimini.js:298
[     205ms] [LOG] Observer.endDep 结束收集依赖 @ http://localhost:8084/hetuimini.js:306
[     205ms] [LOG] Directive.parse 开始解析: {name: if:, value: isActive} @ http://localhost:8084/hetuimini.js:557
[     205ms] [LOG] Directive.parse 简单路径: {value: isActive, path: Array(1)} @ http://localhost:8084/hetuimini.js:594
[     205ms] [LOG] Directive.parse 解析结果: {directive: Object} @ http://localhost:8084/hetuimini.js:598
[     206ms] [LOG] Directive.bind 开始绑定: {directive: Object, element: span.success} @ http://localhost:8084/hetuimini.js:610
[     206ms] [LOG] Observer.startDep 开始收集依赖: {updateFn: function() {
                var value = self.get…eByPath(data, fieldPath);
                
 ...} @ http://localhost:8084/hetuimini.js:298
[     206ms] [LOG] Observer.endDep 结束收集依赖 @ http://localhost:8084/hetuimini.js:306
[     206ms] [LOG] Directive.parse 开始解析: {name: if:, value: isVIP} @ http://localhost:8084/hetuimini.js:557
[     206ms] [LOG] Directive.parse 简单路径: {value: isVIP, path: Array(1)} @ http://localhost:8084/hetuimini.js:594
[     206ms] [LOG] Directive.parse 解析结果: {directive: Object} @ http://localhost:8084/hetuimini.js:598
[     207ms] [LOG] Directive.bind 开始绑定: {directive: Object, element: span.info} @ http://localhost:8084/hetuimini.js:610
[     207ms] [LOG] Observer.startDep 开始收集依赖: {updateFn: function() {
                var value = self.get…eByPath(data, fieldPath);
                
 ...} @ http://localhost:8084/hetuimini.js:298
[     207ms] [LOG] Observer.endDep 结束收集依赖 @ http://localhost:8084/hetuimini.js:306
[     207ms] [LOG] Directive.parse 开始解析: {name: foreach:, value: products} @ http://localhost:8084/hetuimini.js:557
[     207ms] [LOG] Directive.parse 简单路径: {value: products, path: Array(1)} @ http://localhost:8084/hetuimini.js:594
[     207ms] [LOG] Directive.parse 解析结果: {directive: Object} @ http://localhost:8084/hetuimini.js:598
[     207ms] [LOG] Directive.bind 开始绑定: {directive: Object, element: li} @ http://localhost:8084/hetuimini.js:610
[     208ms] [LOG] bindForeach 初始化: {directive: Object, fieldPath: Array(1), data: Object} @ http://localhost:8084/hetuimini.js:1073
[     208ms] [LOG] Observer.startDep 开始收集依赖: {updateFn: function() {
                console.log('bindFor… updateFn 执行:', { fieldPath: fieldPath });
  ...} @ http://localhost:8084/hetuimini.js:298
[     208ms] [LOG] bindForeach updateFn 执行: {fieldPath: Array(1)} @ http://localhost:8084/hetuimini.js:1087
[     208ms] [LOG] bindForeach 获取数组: {fieldPath: Array(1), items: Array(3), isArray: true} @ http://localhost:8084/hetuimini.js:1089
[     208ms] [LOG] bindForeach 开始循环，数组长度: 3 @ http://localhost:8084/hetuimini.js:1104
[     208ms] [LOG] bindForeach 处理项: {index: 0, item: Object, type: object} @ http://localhost:8084/hetuimini.js:1108
[     209ms] [LOG] bindForeach 创建子数据对象: {subData: Object, item: Object} @ http://localhost:8084/hetuimini.js:1124
[     209ms] [LOG] bindForeach 对象项，添加属性 @ http://localhost:8084/hetuimini.js:1128
[     209ms] [LOG] 响应式 getter 访问: {key: name, value: 商品A, hasDep: true} @ http://localhost:8084/hetuimini.js:79
[     209ms] [LOG] 响应式 getter 收集依赖: {key: name, depSize: 1} @ http://localhost:8084/hetuimini.js:83
[     209ms] [LOG] 响应式 getter 访问: {key: price, value: 100, hasDep: true} @ http://localhost:8084/hetuimini.js:79
[     209ms] [LOG] 响应式 getter 收集依赖: {key: price, depSize: 1} @ http://localhost:8084/hetuimini.js:83
[     210ms] [LOG] 响应式 getter 访问: {key: inStock, value: true, hasDep: true} @ http://localhost:8084/hetuimini.js:79
[     210ms] [LOG] 响应式 getter 收集依赖: {key: inStock, depSize: 1} @ http://localhost:8084/hetuimini.js:83
[     210ms] [LOG] 响应式 getter 访问: {key: isOnSale, value: false, hasDep: true} @ http://localhost:8084/hetuimini.js:79
[     210ms] [LOG] 响应式 getter 收集依赖: {key: isOnSale, depSize: 1} @ http://localhost:8084/hetuimini.js:83
[     210ms] [LOG] bindForeach 最终子数据对象: {subData: Object} @ http://localhost:8084/hetuimini.js:1137
[     210ms] [LOG] bindForeach 绑定子指令: {name: :text, value: #index} @ http://localhost:8084/hetuimini.js:1150
[     211ms] [LOG] Directive.parse 开始解析: {name: :text, value: #index} @ http://localhost:8084/hetuimini.js:557
[     211ms] [LOG] Directive.parse 简单路径: {value: #index, path: Array(1)} @ http://localhost:8084/hetuimini.js:594
[     211ms] [LOG] Directive.parse 解析结果: {directive: Object} @ http://localhost:8084/hetuimini.js:598
[     211ms] [LOG] Directive.bind 开始绑定: {directive: Object, element: span} @ http://localhost:8084/hetuimini.js:610
[     211ms] [LOG] Observer.startDep 开始收集依赖: {updateFn: function() {
                var value = self.eva…eExpression(directive.value, data);
         ...} @ http://localhost:8084/hetuimini.js:298
[     212ms] [LOG] Observer.endDep 结束收集依赖 @ http://localhost:8084/hetuimini.js:306
[     212ms] [LOG] bindForeach 绑定子指令: {name: :text, value: name} @ http://localhost:8084/hetuimini.js:1150
[     212ms] [LOG] Directive.parse 开始解析: {name: :text, value: name} @ http://localhost:8084/hetuimini.js:557
[     212ms] [LOG] Directive.parse 简单路径: {value: name, path: Array(1)} @ http://localhost:8084/hetuimini.js:594
[     212ms] [LOG] Directive.parse 解析结果: {directive: Object} @ http://localhost:8084/hetuimini.js:598
[     212ms] [LOG] Directive.bind 开始绑定: {directive: Object, element: span} @ http://localhost:8084/hetuimini.js:610
[     212ms] [LOG] Observer.startDep 开始收集依赖: {updateFn: function() {
                var value = self.eva…eExpression(directive.value, data);
         ...} @ http://localhost:8084/hetuimini.js:298
[     213ms] [LOG] Observer.endDep 结束收集依赖 @ http://localhost:8084/hetuimini.js:306
[     213ms] [LOG] bindForeach 绑定子指令: {name: :text, value: price} @ http://localhost:8084/hetuimini.js:1150
[     213ms] [LOG] Directive.parse 开始解析: {name: :text, value: price} @ http://localhost:8084/hetuimini.js:557
[     213ms] [LOG] Directive.parse 简单路径: {value: price, path: Array(1)} @ http://localhost:8084/hetuimini.js:594
[     213ms] [LOG] Directive.parse 解析结果: {directive: Object} @ http://localhost:8084/hetuimini.js:598
[     213ms] [LOG] Directive.bind 开始绑定: {directive: Object, element: span} @ http://localhost:8084/hetuimini.js:610
[     214ms] [LOG] Observer.startDep 开始收集依赖: {updateFn: function() {
                var value = self.eva…eExpression(directive.value, data);
         ...} @ http://localhost:8084/hetuimini.js:298
[     214ms] [LOG] Observer.endDep 结束收集依赖 @ http://localhost:8084/hetuimini.js:306
[     214ms] [LOG] bindForeach 处理项: {index: 1, item: Object, type: object} @ http://localhost:8084/hetuimini.js:1108
[     214ms] [LOG] bindForeach 创建子数据对象: {subData: Object, item: Object} @ http://localhost:8084/hetuimini.js:1124
[     215ms] [LOG] bindForeach 对象项，添加属性 @ http://localhost:8084/hetuimini.js:1128
[     215ms] [LOG] 响应式 getter 访问: {key: name, value: 商品B, hasDep: false} @ http://localhost:8084/hetuimini.js:79
[     215ms] [LOG] 响应式 getter 访问: {key: price, value: 200, hasDep: false} @ http://localhost:8084/hetuimini.js:79
[     215ms] [LOG] 响应式 getter 访问: {key: inStock, value: false, hasDep: false} @ http://localhost:8084/hetuimini.js:79
[     215ms] [LOG] 响应式 getter 访问: {key: isOnSale, value: true, hasDep: false} @ http://localhost:8084/hetuimini.js:79
[     216ms] [LOG] bindForeach 最终子数据对象: {subData: Object} @ http://localhost:8084/hetuimini.js:1137
[     217ms] [LOG] bindForeach 绑定子指令: {name: :text, value: #index} @ http://localhost:8084/hetuimini.js:1150
[     217ms] [LOG] Directive.parse 开始解析: {name: :text, value: #index} @ http://localhost:8084/hetuimini.js:557
[     217ms] [LOG] Directive.parse 简单路径: {value: #index, path: Array(1)} @ http://localhost:8084/hetuimini.js:594
[     217ms] [LOG] Directive.parse 解析结果: {directive: Object} @ http://localhost:8084/hetuimini.js:598
[     217ms] [LOG] Directive.bind 开始绑定: {directive: Object, element: span} @ http://localhost:8084/hetuimini.js:610
[     217ms] [LOG] Observer.startDep 开始收集依赖: {updateFn: function() {
                var value = self.eva…eExpression(directive.value, data);
         ...} @ http://localhost:8084/hetuimini.js:298
[     217ms] [LOG] Observer.endDep 结束收集依赖 @ http://localhost:8084/hetuimini.js:306
[     217ms] [LOG] bindForeach 绑定子指令: {name: :text, value: name} @ http://localhost:8084/hetuimini.js:1150
[     218ms] [LOG] Directive.parse 开始解析: {name: :text, value: name} @ http://localhost:8084/hetuimini.js:557
[     218ms] [LOG] Directive.parse 简单路径: {value: name, path: Array(1)} @ http://localhost:8084/hetuimini.js:594
[     218ms] [LOG] Directive.parse 解析结果: {directive: Object} @ http://localhost:8084/hetuimini.js:598
[     218ms] [LOG] Directive.bind 开始绑定: {directive: Object, element: span} @ http://localhost:8084/hetuimini.js:610
[     218ms] [LOG] Observer.startDep 开始收集依赖: {updateFn: function() {
                var value = self.eva…eExpression(directive.value, data);
         ...} @ http://localhost:8084/hetuimini.js:298
[     218ms] [LOG] Observer.endDep 结束收集依赖 @ http://localhost:8084/hetuimini.js:306
[     218ms] [LOG] bindForeach 绑定子指令: {name: :text, value: price} @ http://localhost:8084/hetuimini.js:1150
[     219ms] [LOG] Directive.parse 开始解析: {name: :text, value: price} @ http://localhost:8084/hetuimini.js:557
[     219ms] [LOG] Directive.parse 简单路径: {value: price, path: Array(1)} @ http://localhost:8084/hetuimini.js:594
[     219ms] [LOG] Directive.parse 解析结果: {directive: Object} @ http://localhost:8084/hetuimini.js:598
[     219ms] [LOG] Directive.bind 开始绑定: {directive: Object, element: span} @ http://localhost:8084/hetuimini.js:610
[     219ms] [LOG] Observer.startDep 开始收集依赖: {updateFn: function() {
                var value = self.eva…eExpression(directive.value, data);
         ...} @ http://localhost:8084/hetuimini.js:298
[     219ms] [LOG] Observer.endDep 结束收集依赖 @ http://localhost:8084/hetuimini.js:306
[     219ms] [LOG] bindForeach 处理项: {index: 2, item: Object, type: object} @ http://localhost:8084/hetuimini.js:1108
[     219ms] [LOG] bindForeach 创建子数据对象: {subData: Object, item: Object} @ http://localhost:8084/hetuimini.js:1124
[     219ms] [LOG] bindForeach 对象项，添加属性 @ http://localhost:8084/hetuimini.js:1128
[     219ms] [LOG] 响应式 getter 访问: {key: name, value: 商品C, hasDep: false} @ http://localhost:8084/hetuimini.js:79
[     219ms] [LOG] 响应式 getter 访问: {key: price, value: 150, hasDep: false} @ http://localhost:8084/hetuimini.js:79
[     219ms] [LOG] 响应式 getter 访问: {key: inStock, value: true, hasDep: false} @ http://localhost:8084/hetuimini.js:79
[     220ms] [LOG] 响应式 getter 访问: {key: isOnSale, value: true, hasDep: false} @ http://localhost:8084/hetuimini.js:79
[     220ms] [LOG] bindForeach 最终子数据对象: {subData: Object} @ http://localhost:8084/hetuimini.js:1137
[     220ms] [LOG] bindForeach 绑定子指令: {name: :text, value: #index} @ http://localhost:8084/hetuimini.js:1150
[     220ms] [LOG] Directive.parse 开始解析: {name: :text, value: #index} @ http://localhost:8084/hetuimini.js:557
[     220ms] [LOG] Directive.parse 简单路径: {value: #index, path: Array(1)} @ http://localhost:8084/hetuimini.js:594
[     220ms] [LOG] Directive.parse 解析结果: {directive: Object} @ http://localhost:8084/hetuimini.js:598
[     220ms] [LOG] Directive.bind 开始绑定: {directive: Object, element: span} @ http://localhost:8084/hetuimini.js:610
[     220ms] [LOG] Observer.startDep 开始收集依赖: {updateFn: function() {
                var value = self.eva…eExpression(directive.value, data);
         ...} @ http://localhost:8084/hetuimini.js:298
[     221ms] [LOG] Observer.endDep 结束收集依赖 @ http://localhost:8084/hetuimini.js:306
[     221ms] [LOG] bindForeach 绑定子指令: {name: :text, value: name} @ http://localhost:8084/hetuimini.js:1150
[     221ms] [LOG] Directive.parse 开始解析: {name: :text, value: name} @ http://localhost:8084/hetuimini.js:557
[     221ms] [LOG] Directive.parse 简单路径: {value: name, path: Array(1)} @ http://localhost:8084/hetuimini.js:594
[     221ms] [LOG] Directive.parse 解析结果: {directive: Object} @ http://localhost:8084/hetuimini.js:598
[     221ms] [LOG] Directive.bind 开始绑定: {directive: Object, element: span} @ http://localhost:8084/hetuimini.js:610
[     222ms] [LOG] Observer.startDep 开始收集依赖: {updateFn: function() {
                var value = self.eva…eExpression(directive.value, data);
         ...} @ http://localhost:8084/hetuimini.js:298
[     222ms] [LOG] Observer.endDep 结束收集依赖 @ http://localhost:8084/hetuimini.js:306
[     222ms] [LOG] bindForeach 绑定子指令: {name: :text, value: price} @ http://localhost:8084/hetuimini.js:1150
[     222ms] [LOG] Directive.parse 开始解析: {name: :text, value: price} @ http://localhost:8084/hetuimini.js:557
[     222ms] [LOG] Directive.parse 简单路径: {value: price, path: Array(1)} @ http://localhost:8084/hetuimini.js:594
[     222ms] [LOG] Directive.parse 解析结果: {directive: Object} @ http://localhost:8084/hetuimini.js:598
[     222ms] [LOG] Directive.bind 开始绑定: {directive: Object, element: span} @ http://localhost:8084/hetuimini.js:610
[     222ms] [LOG] Observer.startDep 开始收集依赖: {updateFn: function() {
                var value = self.eva…eExpression(directive.value, data);
         ...} @ http://localhost:8084/hetuimini.js:298
[     223ms] [LOG] Observer.endDep 结束收集依赖 @ http://localhost:8084/hetuimini.js:306
[     223ms] [LOG] Observer.endDep 结束收集依赖 @ http://localhost:8084/hetuimini.js:306
[     223ms] [LOG] Directive.parse 开始解析: {name: :text, value: #index} @ http://localhost:8084/hetuimini.js:557
[     223ms] [LOG] Directive.parse 简单路径: {value: #index, path: Array(1)} @ http://localhost:8084/hetuimini.js:594
[     223ms] [LOG] Directive.parse 解析结果: {directive: Object} @ http://localhost:8084/hetuimini.js:598
[     223ms] [LOG] Directive.bind 开始绑定: {directive: Object, element: span} @ http://localhost:8084/hetuimini.js:610
[     223ms] [LOG] Observer.startDep 开始收集依赖: {updateFn: function() {
                var value = self.eva…eExpression(directive.value, data);
         ...} @ http://localhost:8084/hetuimini.js:298
[     224ms] [LOG] Observer.endDep 结束收集依赖 @ http://localhost:8084/hetuimini.js:306
[     224ms] [LOG] Directive.parse 开始解析: {name: :text, value: name} @ http://localhost:8084/hetuimini.js:557
[     224ms] [LOG] Directive.parse 简单路径: {value: name, path: Array(1)} @ http://localhost:8084/hetuimini.js:594
[     224ms] [LOG] Directive.parse 解析结果: {directive: Object} @ http://localhost:8084/hetuimini.js:598
[     224ms] [LOG] Directive.bind 开始绑定: {directive: Object, element: span} @ http://localhost:8084/hetuimini.js:610
[     224ms] [LOG] Observer.startDep 开始收集依赖: {updateFn: function() {
                var value = self.eva…eExpression(directive.value, data);
         ...} @ http://localhost:8084/hetuimini.js:298
[     224ms] [LOG] Observer.endDep 结束收集依赖 @ http://localhost:8084/hetuimini.js:306
[     224ms] [LOG] Directive.parse 开始解析: {name: :text, value: price} @ http://localhost:8084/hetuimini.js:557
[     224ms] [LOG] Directive.parse 简单路径: {value: price, path: Array(1)} @ http://localhost:8084/hetuimini.js:594
[     225ms] [LOG] Directive.parse 解析结果: {directive: Object} @ http://localhost:8084/hetuimini.js:598
[     225ms] [LOG] Directive.bind 开始绑定: {directive: Object, element: span} @ http://localhost:8084/hetuimini.js:610
[     225ms] [LOG] Observer.startDep 开始收集依赖: {updateFn: function() {
                var value = self.eva…eExpression(directive.value, data);
         ...} @ http://localhost:8084/hetuimini.js:298
[     225ms] [LOG] Observer.endDep 结束收集依赖 @ http://localhost:8084/hetuimini.js:306
[     225ms] [LOG] Directive.parse 开始解析: {name: show:, value: inStock} @ http://localhost:8084/hetuimini.js:557
[     225ms] [LOG] Directive.parse 简单路径: {value: inStock, path: Array(1)} @ http://localhost:8084/hetuimini.js:594
[     225ms] [LOG] Directive.parse 解析结果: {directive: Object} @ http://localhost:8084/hetuimini.js:598
[     225ms] [LOG] Directive.bind 开始绑定: {directive: Object, element: span.success} @ http://localhost:8084/hetuimini.js:610
[     225ms] [LOG] Observer.startDep 开始收集依赖: {updateFn: function() {
                var value = self.get…eByPath(data, fieldPath);
                ele...} @ http://localhost:8084/hetuimini.js:298
[     226ms] [LOG] Observer.endDep 结束收集依赖 @ http://localhost:8084/hetuimini.js:306
[     226ms] [LOG] Directive.parse 开始解析: {name: show:, value: isOnSale} @ http://localhost:8084/hetuimini.js:557
[     226ms] [LOG] Directive.parse 简单路径: {value: isOnSale, path: Array(1)} @ http://localhost:8084/hetuimini.js:594
[     226ms] [LOG] Directive.parse 解析结果: {directive: Object} @ http://localhost:8084/hetuimini.js:598
[     226ms] [LOG] Directive.bind 开始绑定: {directive: Object, element: span.error} @ http://localhost:8084/hetuimini.js:610
[     226ms] [LOG] Observer.startDep 开始收集依赖: {updateFn: function() {
                var value = self.get…eByPath(data, fieldPath);
                ele...} @ http://localhost:8084/hetuimini.js:298
[     226ms] [LOG] Observer.endDep 结束收集依赖 @ http://localhost:8084/hetuimini.js:306
[     226ms] [LOG] Directive.parse 开始解析: {name: if:, value: showNotification} @ http://localhost:8084/hetuimini.js:557
[     226ms] [LOG] Directive.parse 简单路径: {value: showNotification, path: Array(1)} @ http://localhost:8084/hetuimini.js:594
[     227ms] [LOG] Directive.parse 解析结果: {directive: Object} @ http://localhost:8084/hetuimini.js:598
[     227ms] [LOG] Directive.bind 开始绑定: {directive: Object, element: div.info} @ http://localhost:8084/hetuimini.js:610
[     227ms] [LOG] Observer.startDep 开始收集依赖: {updateFn: function() {
                var value = self.get…eByPath(data, fieldPath);
                
 ...} @ http://localhost:8084/hetuimini.js:298
[     227ms] [LOG] Observer.endDep 结束收集依赖 @ http://localhost:8084/hetuimini.js:306
[     227ms] [LOG] Directive.parse 开始解析: {name: show:, value: notificationType === 'success'} @ http://localhost:8084/hetuimini.js:557
[     227ms] [LOG] Directive.parse 简单路径: {value: notificationType === 'success', path: Array(1)} @ http://localhost:8084/hetuimini.js:594
[     227ms] [LOG] Directive.parse 解析结果: {directive: Object} @ http://localhost:8084/hetuimini.js:598
[     227ms] [LOG] Directive.bind 开始绑定: {directive: Object, element: div.success} @ http://localhost:8084/hetuimini.js:610
[     227ms] [LOG] Observer.startDep 开始收集依赖: {updateFn: function() {
                var value = self.get…eByPath(data, fieldPath);
                ele...} @ http://localhost:8084/hetuimini.js:298
[     227ms] [LOG] Observer.endDep 结束收集依赖 @ http://localhost:8084/hetuimini.js:306
[     227ms] [LOG] Directive.parse 开始解析: {name: show:, value: notificationType === 'error'} @ http://localhost:8084/hetuimini.js:557
[     228ms] [LOG] Directive.parse 简单路径: {value: notificationType === 'error', path: Array(1)} @ http://localhost:8084/hetuimini.js:594
[     228ms] [LOG] Directive.parse 解析结果: {directive: Object} @ http://localhost:8084/hetuimini.js:598
[     228ms] [LOG] Directive.bind 开始绑定: {directive: Object, element: div.error} @ http://localhost:8084/hetuimini.js:610
[     228ms] [LOG] Observer.startDep 开始收集依赖: {updateFn: function() {
                var value = self.get…eByPath(data, fieldPath);
                ele...} @ http://localhost:8084/hetuimini.js:298
[     228ms] [LOG] Observer.endDep 结束收集依赖 @ http://localhost:8084/hetuimini.js:306
[     228ms] [LOG] Directive.parse 开始解析: {name: show:, value: notificationType === 'warning'} @ http://localhost:8084/hetuimini.js:557
[     228ms] [LOG] Directive.parse 简单路径: {value: notificationType === 'warning', path: Array(1)} @ http://localhost:8084/hetuimini.js:594
[     228ms] [LOG] Directive.parse 解析结果: {directive: Object} @ http://localhost:8084/hetuimini.js:598
[     229ms] [LOG] Directive.bind 开始绑定: {directive: Object, element: div.error} @ http://localhost:8084/hetuimini.js:610
[     229ms] [LOG] Observer.startDep 开始收集依赖: {updateFn: function() {
                var value = self.get…eByPath(data, fieldPath);
                ele...} @ http://localhost:8084/hetuimini.js:298
[     229ms] [LOG] Observer.endDep 结束收集依赖 @ http://localhost:8084/hetuimini.js:306
[     229ms] [LOG] Directive.parse 开始解析: {name: @click, value: showSuccessNotification} @ http://localhost:8084/hetuimini.js:557
[     229ms] [LOG] Directive.parse 简单路径: {value: showSuccessNotification, path: Array(1)} @ http://localhost:8084/hetuimini.js:594
[     229ms] [LOG] Directive.parse 解析结果: {directive: Object} @ http://localhost:8084/hetuimini.js:598
[     229ms] [LOG] Directive.bind 开始绑定: {directive: Object, element: button} @ http://localhost:8084/hetuimini.js:610
[     230ms] [LOG] Directive.parse 开始解析: {name: @click, value: showErrorNotification} @ http://localhost:8084/hetuimini.js:557
[     230ms] [LOG] Directive.parse 简单路径: {value: showErrorNotification, path: Array(1)} @ http://localhost:8084/hetuimini.js:594
[     230ms] [LOG] Directive.parse 解析结果: {directive: Object} @ http://localhost:8084/hetuimini.js:598
[     230ms] [LOG] Directive.bind 开始绑定: {directive: Object, element: button} @ http://localhost:8084/hetuimini.js:610
[     230ms] [LOG] Directive.parse 开始解析: {name: @click, value: showWarningNotification} @ http://localhost:8084/hetuimini.js:557
[     230ms] [LOG] Directive.parse 简单路径: {value: showWarningNotification, path: Array(1)} @ http://localhost:8084/hetuimini.js:594
[     230ms] [LOG] Directive.parse 解析结果: {directive: Object} @ http://localhost:8084/hetuimini.js:598
[     230ms] [LOG] Directive.bind 开始绑定: {directive: Object, element: button} @ http://localhost:8084/hetuimini.js:610
[     231ms] [LOG] Directive.parse 开始解析: {name: @click, value: hideNotification} @ http://localhost:8084/hetuimini.js:557
[     231ms] [LOG] Directive.parse 简单路径: {value: hideNotification, path: Array(1)} @ http://localhost:8084/hetuimini.js:594
[     231ms] [LOG] Directive.parse 解析结果: {directive: Object} @ http://localhost:8084/hetuimini.js:598
[     231ms] [LOG] Directive.bind 开始绑定: {directive: Object, element: button} @ http://localhost:8084/hetuimini.js:610
[     231ms] [LOG] Directive.parse 开始解析: {name: if:, value: company:departments:engineering:isActive} @ http://localhost:8084/hetuimini.js:557
[     231ms] [LOG] Directive.parse 冒号分隔路径: {value: company:departments:engineering:isActive, path: Array(4)} @ http://localhost:8084/hetuimini.js:591
[     231ms] [LOG] Directive.parse 解析结果: {directive: Object} @ http://localhost:8084/hetuimini.js:598
[     231ms] [LOG] Directive.bind 开始绑定: {directive: Object, element: div.success} @ http://localhost:8084/hetuimini.js:610
[     232ms] [LOG] Observer.startDep 开始收集依赖: {updateFn: function() {
                var value = self.get…eByPath(data, fieldPath);
                
 ...} @ http://localhost:8084/hetuimini.js:298
[     232ms] [LOG] Observer.endDep 结束收集依赖 @ http://localhost:8084/hetuimini.js:306
[     232ms] [LOG] Directive.parse 开始解析: {name: show:, value: company:departments:engineering:showProjects} @ http://localhost:8084/hetuimini.js:557
[     232ms] [LOG] Directive.parse 冒号分隔路径: {value: company:departments:engineering:showProjects, path: Array(4)} @ http://localhost:8084/hetuimini.js:591
[     232ms] [LOG] Directive.parse 解析结果: {directive: Object} @ http://localhost:8084/hetuimini.js:598
[     232ms] [LOG] Directive.bind 开始绑定: {directive: Object, element: div.info} @ http://localhost:8084/hetuimini.js:610
[     232ms] [LOG] Observer.startDep 开始收集依赖: {updateFn: function() {
                var value = self.get…eByPath(data, fieldPath);
                ele...} @ http://localhost:8084/hetuimini.js:298
[     233ms] [LOG] Observer.endDep 结束收集依赖 @ http://localhost:8084/hetuimini.js:306
[     233ms] [LOG] Directive.parse 开始解析: {name: foreach:, value: company:departments:engineering:projects} @ http://localhost:8084/hetuimini.js:557
[     233ms] [LOG] Directive.parse 冒号分隔路径: {value: company:departments:engineering:projects, path: Array(4)} @ http://localhost:8084/hetuimini.js:591
[     233ms] [LOG] Directive.parse 解析结果: {directive: Object} @ http://localhost:8084/hetuimini.js:598
[     233ms] [LOG] Directive.bind 开始绑定: {directive: Object, element: li} @ http://localhost:8084/hetuimini.js:610
[     233ms] [LOG] bindForeach 初始化: {directive: Object, fieldPath: Array(4), data: Object} @ http://localhost:8084/hetuimini.js:1073
[     233ms] [LOG] Observer.startDep 开始收集依赖: {updateFn: function() {
                console.log('bindFor… updateFn 执行:', { fieldPath: fieldPath });
  ...} @ http://localhost:8084/hetuimini.js:298
[     233ms] [LOG] bindForeach updateFn 执行: {fieldPath: Array(4)} @ http://localhost:8084/hetuimini.js:1087
[     234ms] [LOG] bindForeach 获取数组: {fieldPath: Array(4), items: Array(3), isArray: true} @ http://localhost:8084/hetuimini.js:1089
[     234ms] [LOG] bindForeach 开始循环，数组长度: 3 @ http://localhost:8084/hetuimini.js:1104
[     234ms] [LOG] bindForeach 处理项: {index: 0, item: Object, type: object} @ http://localhost:8084/hetuimini.js:1108
[     234ms] [LOG] bindForeach 创建子数据对象: {subData: Object, item: Object} @ http://localhost:8084/hetuimini.js:1124
[     234ms] [LOG] bindForeach 对象项，添加属性 @ http://localhost:8084/hetuimini.js:1128
[     234ms] [LOG] 响应式 getter 访问: {key: name, value: 项目A, hasDep: true} @ http://localhost:8084/hetuimini.js:79
[     234ms] [LOG] 响应式 getter 收集依赖: {key: name, depSize: 1} @ http://localhost:8084/hetuimini.js:83
[     235ms] [LOG] 响应式 getter 访问: {key: status, value: 进行中, hasDep: true} @ http://localhost:8084/hetuimini.js:79
[     235ms] [LOG] 响应式 getter 收集依赖: {key: status, depSize: 1} @ http://localhost:8084/hetuimini.js:83
[     235ms] [LOG] 响应式 getter 访问: {key: isCritical, value: true, hasDep: true} @ http://localhost:8084/hetuimini.js:79
[     235ms] [LOG] 响应式 getter 收集依赖: {key: isCritical, depSize: 1} @ http://localhost:8084/hetuimini.js:83
[     235ms] [LOG] 响应式 getter 访问: {key: isPublic, value: false, hasDep: true} @ http://localhost:8084/hetuimini.js:79
[     235ms] [LOG] 响应式 getter 收集依赖: {key: isPublic, depSize: 1} @ http://localhost:8084/hetuimini.js:83
[     235ms] [LOG] bindForeach 最终子数据对象: {subData: Object} @ http://localhost:8084/hetuimini.js:1137
[     235ms] [LOG] bindForeach 绑定子指令: {name: :text, value: #index} @ http://localhost:8084/hetuimini.js:1150
[     235ms] [LOG] Directive.parse 开始解析: {name: :text, value: #index} @ http://localhost:8084/hetuimini.js:557
[     235ms] [LOG] Directive.parse 简单路径: {value: #index, path: Array(1)} @ http://localhost:8084/hetuimini.js:594
[     236ms] [LOG] Directive.parse 解析结果: {directive: Object} @ http://localhost:8084/hetuimini.js:598
[     236ms] [LOG] Directive.bind 开始绑定: {directive: Object, element: span} @ http://localhost:8084/hetuimini.js:610
[     236ms] [LOG] Observer.startDep 开始收集依赖: {updateFn: function() {
                var value = self.eva…eExpression(directive.value, data);
         ...} @ http://localhost:8084/hetuimini.js:298
[     236ms] [LOG] Observer.endDep 结束收集依赖 @ http://localhost:8084/hetuimini.js:306
[     236ms] [LOG] bindForeach 绑定子指令: {name: :text, value: name} @ http://localhost:8084/hetuimini.js:1150
[     236ms] [LOG] Directive.parse 开始解析: {name: :text, value: name} @ http://localhost:8084/hetuimini.js:557
[     236ms] [LOG] Directive.parse 简单路径: {value: name, path: Array(1)} @ http://localhost:8084/hetuimini.js:594
[     236ms] [LOG] Directive.parse 解析结果: {directive: Object} @ http://localhost:8084/hetuimini.js:598
[     236ms] [LOG] Directive.bind 开始绑定: {directive: Object, element: span} @ http://localhost:8084/hetuimini.js:610
[     236ms] [LOG] Observer.startDep 开始收集依赖: {updateFn: function() {
                var value = self.eva…eExpression(directive.value, data);
         ...} @ http://localhost:8084/hetuimini.js:298
[     236ms] [LOG] Observer.endDep 结束收集依赖 @ http://localhost:8084/hetuimini.js:306
[     236ms] [LOG] bindForeach 绑定子指令: {name: :text, value: status} @ http://localhost:8084/hetuimini.js:1150
[     236ms] [LOG] Directive.parse 开始解析: {name: :text, value: status} @ http://localhost:8084/hetuimini.js:557
[     236ms] [LOG] Directive.parse 简单路径: {value: status, path: Array(1)} @ http://localhost:8084/hetuimini.js:594
[     237ms] [LOG] Directive.parse 解析结果: {directive: Object} @ http://localhost:8084/hetuimini.js:598
[     237ms] [LOG] Directive.bind 开始绑定: {directive: Object, element: span} @ http://localhost:8084/hetuimini.js:610
[     237ms] [LOG] Observer.startDep 开始收集依赖: {updateFn: function() {
                var value = self.eva…eExpression(directive.value, data);
         ...} @ http://localhost:8084/hetuimini.js:298
[     237ms] [LOG] Observer.endDep 结束收集依赖 @ http://localhost:8084/hetuimini.js:306
[     237ms] [LOG] bindForeach 处理项: {index: 1, item: Object, type: object} @ http://localhost:8084/hetuimini.js:1108
[     237ms] [LOG] bindForeach 创建子数据对象: {subData: Object, item: Object} @ http://localhost:8084/hetuimini.js:1124
[     237ms] [LOG] bindForeach 对象项，添加属性 @ http://localhost:8084/hetuimini.js:1128
[     237ms] [LOG] 响应式 getter 访问: {key: name, value: 项目B, hasDep: false} @ http://localhost:8084/hetuimini.js:79
[     237ms] [LOG] 响应式 getter 访问: {key: status, value: 已完成, hasDep: false} @ http://localhost:8084/hetuimini.js:79
[     237ms] [LOG] 响应式 getter 访问: {key: isCritical, value: false, hasDep: false} @ http://localhost:8084/hetuimini.js:79
[     238ms] [LOG] 响应式 getter 访问: {key: isPublic, value: true, hasDep: false} @ http://localhost:8084/hetuimini.js:79
[     238ms] [LOG] bindForeach 最终子数据对象: {subData: Object} @ http://localhost:8084/hetuimini.js:1137
[     238ms] [LOG] bindForeach 绑定子指令: {name: :text, value: #index} @ http://localhost:8084/hetuimini.js:1150
[     238ms] [LOG] Directive.parse 开始解析: {name: :text, value: #index} @ http://localhost:8084/hetuimini.js:557
[     238ms] [LOG] Directive.parse 简单路径: {value: #index, path: Array(1)} @ http://localhost:8084/hetuimini.js:594
[     238ms] [LOG] Directive.parse 解析结果: {directive: Object} @ http://localhost:8084/hetuimini.js:598
[     238ms] [LOG] Directive.bind 开始绑定: {directive: Object, element: span} @ http://localhost:8084/hetuimini.js:610
[     238ms] [LOG] Observer.startDep 开始收集依赖: {updateFn: function() {
                var value = self.eva…eExpression(directive.value, data);
         ...} @ http://localhost:8084/hetuimini.js:298
[     238ms] [LOG] Observer.endDep 结束收集依赖 @ http://localhost:8084/hetuimini.js:306
[     238ms] [LOG] bindForeach 绑定子指令: {name: :text, value: name} @ http://localhost:8084/hetuimini.js:1150
[     238ms] [LOG] Directive.parse 开始解析: {name: :text, value: name} @ http://localhost:8084/hetuimini.js:557
[     239ms] [LOG] Directive.parse 简单路径: {value: name, path: Array(1)} @ http://localhost:8084/hetuimini.js:594
[     239ms] [LOG] Directive.parse 解析结果: {directive: Object} @ http://localhost:8084/hetuimini.js:598
[     239ms] [LOG] Directive.bind 开始绑定: {directive: Object, element: span} @ http://localhost:8084/hetuimini.js:610
[     239ms] [LOG] Observer.startDep 开始收集依赖: {updateFn: function() {
                var value = self.eva…eExpression(directive.value, data);
         ...} @ http://localhost:8084/hetuimini.js:298
[     239ms] [LOG] Observer.endDep 结束收集依赖 @ http://localhost:8084/hetuimini.js:306
[     239ms] [LOG] bindForeach 绑定子指令: {name: :text, value: status} @ http://localhost:8084/hetuimini.js:1150
[     239ms] [LOG] Directive.parse 开始解析: {name: :text, value: status} @ http://localhost:8084/hetuimini.js:557
[     239ms] [LOG] Directive.parse 简单路径: {value: status, path: Array(1)} @ http://localhost:8084/hetuimini.js:594
[     240ms] [LOG] Directive.parse 解析结果: {directive: Object} @ http://localhost:8084/hetuimini.js:598
[     240ms] [LOG] Directive.bind 开始绑定: {directive: Object, element: span} @ http://localhost:8084/hetuimini.js:610
[     240ms] [LOG] Observer.startDep 开始收集依赖: {updateFn: function() {
                var value = self.eva…eExpression(directive.value, data);
         ...} @ http://localhost:8084/hetuimini.js:298
[     240ms] [LOG] Observer.endDep 结束收集依赖 @ http://localhost:8084/hetuimini.js:306
[     240ms] [LOG] bindForeach 处理项: {index: 2, item: Object, type: object} @ http://localhost:8084/hetuimini.js:1108
[     240ms] [LOG] bindForeach 创建子数据对象: {subData: Object, item: Object} @ http://localhost:8084/hetuimini.js:1124
[     240ms] [LOG] bindForeach 对象项，添加属性 @ http://localhost:8084/hetuimini.js:1128
[     240ms] [LOG] 响应式 getter 访问: {key: name, value: 项目C, hasDep: false} @ http://localhost:8084/hetuimini.js:79
[     240ms] [LOG] 响应式 getter 访问: {key: status, value: 规划中, hasDep: false} @ http://localhost:8084/hetuimini.js:79
[     241ms] [LOG] 响应式 getter 访问: {key: isCritical, value: false, hasDep: false} @ http://localhost:8084/hetuimini.js:79
[     241ms] [LOG] 响应式 getter 访问: {key: isPublic, value: false, hasDep: false} @ http://localhost:8084/hetuimini.js:79
[     241ms] [LOG] bindForeach 最终子数据对象: {subData: Object} @ http://localhost:8084/hetuimini.js:1137
[     241ms] [LOG] bindForeach 绑定子指令: {name: :text, value: #index} @ http://localhost:8084/hetuimini.js:1150
[     241ms] [LOG] Directive.parse 开始解析: {name: :text, value: #index} @ http://localhost:8084/hetuimini.js:557
[     241ms] [LOG] Directive.parse 简单路径: {value: #index, path: Array(1)} @ http://localhost:8084/hetuimini.js:594
[     241ms] [LOG] Directive.parse 解析结果: {directive: Object} @ http://localhost:8084/hetuimini.js:598
[     241ms] [LOG] Directive.bind 开始绑定: {directive: Object, element: span} @ http://localhost:8084/hetuimini.js:610
[     241ms] [LOG] Observer.startDep 开始收集依赖: {updateFn: function() {
                var value = self.eva…eExpression(directive.value, data);
         ...} @ http://localhost:8084/hetuimini.js:298
[     241ms] [LOG] Observer.endDep 结束收集依赖 @ http://localhost:8084/hetuimini.js:306
[     241ms] [LOG] bindForeach 绑定子指令: {name: :text, value: name} @ http://localhost:8084/hetuimini.js:1150
[     241ms] [LOG] Directive.parse 开始解析: {name: :text, value: name} @ http://localhost:8084/hetuimini.js:557
[     241ms] [LOG] Directive.parse 简单路径: {value: name, path: Array(1)} @ http://localhost:8084/hetuimini.js:594
[     242ms] [LOG] Directive.parse 解析结果: {directive: Object} @ http://localhost:8084/hetuimini.js:598
[     242ms] [LOG] Directive.bind 开始绑定: {directive: Object, element: span} @ http://localhost:8084/hetuimini.js:610
[     242ms] [LOG] Observer.startDep 开始收集依赖: {updateFn: function() {
                var value = self.eva…eExpression(directive.value, data);
         ...} @ http://localhost:8084/hetuimini.js:298
[     242ms] [LOG] Observer.endDep 结束收集依赖 @ http://localhost:8084/hetuimini.js:306
[     242ms] [LOG] bindForeach 绑定子指令: {name: :text, value: status} @ http://localhost:8084/hetuimini.js:1150
[     242ms] [LOG] Directive.parse 开始解析: {name: :text, value: status} @ http://localhost:8084/hetuimini.js:557
[     242ms] [LOG] Directive.parse 简单路径: {value: status, path: Array(1)} @ http://localhost:8084/hetuimini.js:594
[     242ms] [LOG] Directive.parse 解析结果: {directive: Object} @ http://localhost:8084/hetuimini.js:598
[     242ms] [LOG] Directive.bind 开始绑定: {directive: Object, element: span} @ http://localhost:8084/hetuimini.js:610
[     242ms] [LOG] Observer.startDep 开始收集依赖: {updateFn: function() {
                var value = self.eva…eExpression(directive.value, data);
         ...} @ http://localhost:8084/hetuimini.js:298
[     242ms] [LOG] Observer.endDep 结束收集依赖 @ http://localhost:8084/hetuimini.js:306
[     242ms] [LOG] Observer.endDep 结束收集依赖 @ http://localhost:8084/hetuimini.js:306
[     242ms] [LOG] Directive.parse 开始解析: {name: :text, value: #index} @ http://localhost:8084/hetuimini.js:557
[     243ms] [LOG] Directive.parse 简单路径: {value: #index, path: Array(1)} @ http://localhost:8084/hetuimini.js:594
[     243ms] [LOG] Directive.parse 解析结果: {directive: Object} @ http://localhost:8084/hetuimini.js:598
[     243ms] [LOG] Directive.bind 开始绑定: {directive: Object, element: span} @ http://localhost:8084/hetuimini.js:610
[     243ms] [LOG] Observer.startDep 开始收集依赖: {updateFn: function() {
                var value = self.eva…eExpression(directive.value, data);
         ...} @ http://localhost:8084/hetuimini.js:298
[     243ms] [LOG] Observer.endDep 结束收集依赖 @ http://localhost:8084/hetuimini.js:306
[     243ms] [LOG] Directive.parse 开始解析: {name: :text, value: name} @ http://localhost:8084/hetuimini.js:557
[     243ms] [LOG] Directive.parse 简单路径: {value: name, path: Array(1)} @ http://localhost:8084/hetuimini.js:594
[     243ms] [LOG] Directive.parse 解析结果: {directive: Object} @ http://localhost:8084/hetuimini.js:598
[     243ms] [LOG] Directive.bind 开始绑定: {directive: Object, element: span} @ http://localhost:8084/hetuimini.js:610
[     244ms] [LOG] Observer.startDep 开始收集依赖: {updateFn: function() {
                var value = self.eva…eExpression(directive.value, data);
         ...} @ http://localhost:8084/hetuimini.js:298
[     244ms] [LOG] Observer.endDep 结束收集依赖 @ http://localhost:8084/hetuimini.js:306
[     244ms] [LOG] Directive.parse 开始解析: {name: :text, value: status} @ http://localhost:8084/hetuimini.js:557
[     244ms] [LOG] Directive.parse 简单路径: {value: status, path: Array(1)} @ http://localhost:8084/hetuimini.js:594
[     244ms] [LOG] Directive.parse 解析结果: {directive: Object} @ http://localhost:8084/hetuimini.js:598
[     244ms] [LOG] Directive.bind 开始绑定: {directive: Object, element: span} @ http://localhost:8084/hetuimini.js:610
[     244ms] [LOG] Observer.startDep 开始收集依赖: {updateFn: function() {
                var value = self.eva…eExpression(directive.value, data);
         ...} @ http://localhost:8084/hetuimini.js:298
[     245ms] [LOG] Observer.endDep 结束收集依赖 @ http://localhost:8084/hetuimini.js:306
[     245ms] [LOG] Directive.parse 开始解析: {name: if:, value: isCritical} @ http://localhost:8084/hetuimini.js:557
[     245ms] [LOG] Directive.parse 简单路径: {value: isCritical, path: Array(1)} @ http://localhost:8084/hetuimini.js:594
[     245ms] [LOG] Directive.parse 解析结果: {directive: Object} @ http://localhost:8084/hetuimini.js:598
[     245ms] [LOG] Directive.bind 开始绑定: {directive: Object, element: span.error} @ http://localhost:8084/hetuimini.js:610
[     245ms] [LOG] Observer.startDep 开始收集依赖: {updateFn: function() {
                var value = self.get…eByPath(data, fieldPath);
                
 ...} @ http://localhost:8084/hetuimini.js:298
[     245ms] [LOG] Observer.endDep 结束收集依赖 @ http://localhost:8084/hetuimini.js:306
[     245ms] [LOG] Directive.parse 开始解析: {name: show:, value: isPublic} @ http://localhost:8084/hetuimini.js:557
[     245ms] [LOG] Directive.parse 简单路径: {value: isPublic, path: Array(1)} @ http://localhost:8084/hetuimini.js:594
[     246ms] [LOG] Directive.parse 解析结果: {directive: Object} @ http://localhost:8084/hetuimini.js:598
[     246ms] [LOG] Directive.bind 开始绑定: {directive: Object, element: span.info} @ http://localhost:8084/hetuimini.js:610
[     246ms] [LOG] Observer.startDep 开始收集依赖: {updateFn: function() {
                var value = self.get…eByPath(data, fieldPath);
                ele...} @ http://localhost:8084/hetuimini.js:298
[     246ms] [LOG] Observer.endDep 结束收集依赖 @ http://localhost:8084/hetuimini.js:306
[     246ms] [LOG] Directive.parse 开始解析: {name: @click, value: toggleEngineeringActive} @ http://localhost:8084/hetuimini.js:557
[     246ms] [LOG] Directive.parse 简单路径: {value: toggleEngineeringActive, path: Array(1)} @ http://localhost:8084/hetuimini.js:594
[     247ms] [LOG] Directive.parse 解析结果: {directive: Object} @ http://localhost:8084/hetuimini.js:598
[     247ms] [LOG] Directive.bind 开始绑定: {directive: Object, element: button} @ http://localhost:8084/hetuimini.js:610
[     247ms] [LOG] Directive.parse 开始解析: {name: @click, value: toggleShowProjects} @ http://localhost:8084/hetuimini.js:557
[     247ms] [LOG] Directive.parse 简单路径: {value: toggleShowProjects, path: Array(1)} @ http://localhost:8084/hetuimini.js:594
[     247ms] [LOG] Directive.parse 解析结果: {directive: Object} @ http://localhost:8084/hetuimini.js:598
[     247ms] [LOG] Directive.bind 开始绑定: {directive: Object, element: button} @ http://localhost:8084/hetuimini.js:610
[     247ms] [LOG] Directive.parse 开始解析: {name: if:, value: user:preferences:notifications:enabled} @ http://localhost:8084/hetuimini.js:557
[     248ms] [LOG] Directive.parse 冒号分隔路径: {value: user:preferences:notifications:enabled, path: Array(4)} @ http://localhost:8084/hetuimini.js:591
[     248ms] [LOG] Directive.parse 解析结果: {directive: Object} @ http://localhost:8084/hetuimini.js:598
[     248ms] [LOG] Directive.bind 开始绑定: {directive: Object, element: div.info} @ http://localhost:8084/hetuimini.js:610
[     248ms] [LOG] Observer.startDep 开始收集依赖: {updateFn: function() {
                var value = self.get…eByPath(data, fieldPath);
                
 ...} @ http://localhost:8084/hetuimini.js:298
[     249ms] [LOG] Observer.endDep 结束收集依赖 @ http://localhost:8084/hetuimini.js:306
[     249ms] [LOG] Directive.parse 开始解析: {name: show:, value: user:preferences:notifications:showPreview} @ http://localhost:8084/hetuimini.js:557
[     249ms] [LOG] Directive.parse 冒号分隔路径: {value: user:preferences:notifications:showPreview, path: Array(4)} @ http://localhost:8084/hetuimini.js:591
[     249ms] [LOG] Directive.parse 解析结果: {directive: Object} @ http://localhost:8084/hetuimini.js:598
[     249ms] [LOG] Directive.bind 开始绑定: {directive: Object, element: div.success} @ http://localhost:8084/hetuimini.js:610
[     249ms] [LOG] Observer.startDep 开始收集依赖: {updateFn: function() {
                var value = self.get…eByPath(data, fieldPath);
                ele...} @ http://localhost:8084/hetuimini.js:298
[     249ms] [LOG] Observer.endDep 结束收集依赖 @ http://localhost:8084/hetuimini.js:306
[     250ms] [LOG] Directive.parse 开始解析: {name: foreach:, value: user:preferences:notifications:types} @ http://localhost:8084/hetuimini.js:557
[     250ms] [LOG] Directive.parse 冒号分隔路径: {value: user:preferences:notifications:types, path: Array(4)} @ http://localhost:8084/hetuimini.js:591
[     250ms] [LOG] Directive.parse 解析结果: {directive: Object} @ http://localhost:8084/hetuimini.js:598
[     250ms] [LOG] Directive.bind 开始绑定: {directive: Object, element: li} @ http://localhost:8084/hetuimini.js:610
[     250ms] [LOG] bindForeach 初始化: {directive: Object, fieldPath: Array(4), data: Object} @ http://localhost:8084/hetuimini.js:1073
[     250ms] [LOG] Observer.startDep 开始收集依赖: {updateFn: function() {
                console.log('bindFor… updateFn 执行:', { fieldPath: fieldPath });
  ...} @ http://localhost:8084/hetuimini.js:298
[     250ms] [LOG] bindForeach updateFn 执行: {fieldPath: Array(4)} @ http://localhost:8084/hetuimini.js:1087
[     250ms] [LOG] bindForeach 获取数组: {fieldPath: Array(4), items: Array(3), isArray: true} @ http://localhost:8084/hetuimini.js:1089
[     251ms] [LOG] bindForeach 开始循环，数组长度: 3 @ http://localhost:8084/hetuimini.js:1104
[     251ms] [LOG] bindForeach 处理项: {index: 0, item: Object, type: object} @ http://localhost:8084/hetuimini.js:1108
[     251ms] [LOG] bindForeach 创建子数据对象: {subData: Object, item: Object} @ http://localhost:8084/hetuimini.js:1124
[     251ms] [LOG] bindForeach 对象项，添加属性 @ http://localhost:8084/hetuimini.js:1128
[     251ms] [LOG] 响应式 getter 访问: {key: name, value: 邮件通知, hasDep: true} @ http://localhost:8084/hetuimini.js:79
[     251ms] [LOG] 响应式 getter 收集依赖: {key: name, depSize: 1} @ http://localhost:8084/hetuimini.js:83
[     252ms] [LOG] 响应式 getter 访问: {key: isEnabled, value: true, hasDep: true} @ http://localhost:8084/hetuimini.js:79
[     252ms] [LOG] 响应式 getter 收集依赖: {key: isEnabled, depSize: 1} @ http://localhost:8084/hetuimini.js:83
[     252ms] [LOG] 响应式 getter 访问: {key: showBadge, value: true, hasDep: true} @ http://localhost:8084/hetuimini.js:79
[     252ms] [LOG] 响应式 getter 收集依赖: {key: showBadge, depSize: 1} @ http://localhost:8084/hetuimini.js:83
[     252ms] [LOG] bindForeach 最终子数据对象: {subData: Object} @ http://localhost:8084/hetuimini.js:1137
[     253ms] [LOG] bindForeach 绑定子指令: {name: :text, value: #index} @ http://localhost:8084/hetuimini.js:1150
[     253ms] [LOG] Directive.parse 开始解析: {name: :text, value: #index} @ http://localhost:8084/hetuimini.js:557
[     253ms] [LOG] Directive.parse 简单路径: {value: #index, path: Array(1)} @ http://localhost:8084/hetuimini.js:594
[     253ms] [LOG] Directive.parse 解析结果: {directive: Object} @ http://localhost:8084/hetuimini.js:598
[     253ms] [LOG] Directive.bind 开始绑定: {directive: Object, element: span} @ http://localhost:8084/hetuimini.js:610
[     253ms] [LOG] Observer.startDep 开始收集依赖: {updateFn: function() {
                var value = self.eva…eExpression(directive.value, data);
         ...} @ http://localhost:8084/hetuimini.js:298
[     254ms] [LOG] Observer.endDep 结束收集依赖 @ http://localhost:8084/hetuimini.js:306
[     254ms] [LOG] bindForeach 绑定子指令: {name: :text, value: #item} @ http://localhost:8084/hetuimini.js:1150
[     254ms] [LOG] Directive.parse 开始解析: {name: :text, value: #item} @ http://localhost:8084/hetuimini.js:557
[     254ms] [LOG] Directive.parse 简单路径: {value: #item, path: Array(1)} @ http://localhost:8084/hetuimini.js:594
[     254ms] [LOG] Directive.parse 解析结果: {directive: Object} @ http://localhost:8084/hetuimini.js:598
[     254ms] [LOG] Directive.bind 开始绑定: {directive: Object, element: span} @ http://localhost:8084/hetuimini.js:610
[     254ms] [LOG] Observer.startDep 开始收集依赖: {updateFn: function() {
                var value = self.eva…eExpression(directive.value, data);
         ...} @ http://localhost:8084/hetuimini.js:298
[     254ms] [LOG] Observer.endDep 结束收集依赖 @ http://localhost:8084/hetuimini.js:306
[     255ms] [LOG] bindForeach 处理项: {index: 1, item: Object, type: object} @ http://localhost:8084/hetuimini.js:1108
[     255ms] [LOG] bindForeach 创建子数据对象: {subData: Object, item: Object} @ http://localhost:8084/hetuimini.js:1124
[     255ms] [LOG] bindForeach 对象项，添加属性 @ http://localhost:8084/hetuimini.js:1128
[     255ms] [LOG] 响应式 getter 访问: {key: name, value: 短信通知, hasDep: false} @ http://localhost:8084/hetuimini.js:79
[     255ms] [LOG] 响应式 getter 访问: {key: isEnabled, value: false, hasDep: false} @ http://localhost:8084/hetuimini.js:79
[     255ms] [LOG] 响应式 getter 访问: {key: showBadge, value: false, hasDep: false} @ http://localhost:8084/hetuimini.js:79
[     256ms] [LOG] bindForeach 最终子数据对象: {subData: Object} @ http://localhost:8084/hetuimini.js:1137
[     256ms] [LOG] bindForeach 绑定子指令: {name: :text, value: #index} @ http://localhost:8084/hetuimini.js:1150
[     256ms] [LOG] Directive.parse 开始解析: {name: :text, value: #index} @ http://localhost:8084/hetuimini.js:557
[     256ms] [LOG] Directive.parse 简单路径: {value: #index, path: Array(1)} @ http://localhost:8084/hetuimini.js:594
[     256ms] [LOG] Directive.parse 解析结果: {directive: Object} @ http://localhost:8084/hetuimini.js:598
[     256ms] [LOG] Directive.bind 开始绑定: {directive: Object, element: span} @ http://localhost:8084/hetuimini.js:610
[     256ms] [LOG] Observer.startDep 开始收集依赖: {updateFn: function() {
                var value = self.eva…eExpression(directive.value, data);
         ...} @ http://localhost:8084/hetuimini.js:298
[     256ms] [LOG] Observer.endDep 结束收集依赖 @ http://localhost:8084/hetuimini.js:306
[     256ms] [LOG] bindForeach 绑定子指令: {name: :text, value: #item} @ http://localhost:8084/hetuimini.js:1150
[     256ms] [LOG] Directive.parse 开始解析: {name: :text, value: #item} @ http://localhost:8084/hetuimini.js:557
[     256ms] [LOG] Directive.parse 简单路径: {value: #item, path: Array(1)} @ http://localhost:8084/hetuimini.js:594
[     257ms] [LOG] Directive.parse 解析结果: {directive: Object} @ http://localhost:8084/hetuimini.js:598
[     257ms] [LOG] Directive.bind 开始绑定: {directive: Object, element: span} @ http://localhost:8084/hetuimini.js:610
[     257ms] [LOG] Observer.startDep 开始收集依赖: {updateFn: function() {
                var value = self.eva…eExpression(directive.value, data);
         ...} @ http://localhost:8084/hetuimini.js:298
[     257ms] [LOG] Observer.endDep 结束收集依赖 @ http://localhost:8084/hetuimini.js:306
[     257ms] [LOG] bindForeach 处理项: {index: 2, item: Object, type: object} @ http://localhost:8084/hetuimini.js:1108
[     257ms] [LOG] bindForeach 创建子数据对象: {subData: Object, item: Object} @ http://localhost:8084/hetuimini.js:1124
[     257ms] [LOG] bindForeach 对象项，添加属性 @ http://localhost:8084/hetuimini.js:1128
[     257ms] [LOG] 响应式 getter 访问: {key: name, value: 应用内通知, hasDep: false} @ http://localhost:8084/hetuimini.js:79
[     257ms] [LOG] 响应式 getter 访问: {key: isEnabled, value: true, hasDep: false} @ http://localhost:8084/hetuimini.js:79
[     257ms] [LOG] 响应式 getter 访问: {key: showBadge, value: true, hasDep: false} @ http://localhost:8084/hetuimini.js:79
[     257ms] [LOG] bindForeach 最终子数据对象: {subData: Object} @ http://localhost:8084/hetuimini.js:1137
[     257ms] [LOG] bindForeach 绑定子指令: {name: :text, value: #index} @ http://localhost:8084/hetuimini.js:1150
[     258ms] [LOG] Directive.parse 开始解析: {name: :text, value: #index} @ http://localhost:8084/hetuimini.js:557
[     258ms] [LOG] Directive.parse 简单路径: {value: #index, path: Array(1)} @ http://localhost:8084/hetuimini.js:594
[     258ms] [LOG] Directive.parse 解析结果: {directive: Object} @ http://localhost:8084/hetuimini.js:598
[     258ms] [LOG] Directive.bind 开始绑定: {directive: Object, element: span} @ http://localhost:8084/hetuimini.js:610
[     258ms] [LOG] Observer.startDep 开始收集依赖: {updateFn: function() {
                var value = self.eva…eExpression(directive.value, data);
         ...} @ http://localhost:8084/hetuimini.js:298
[     258ms] [LOG] Observer.endDep 结束收集依赖 @ http://localhost:8084/hetuimini.js:306
[     258ms] [LOG] bindForeach 绑定子指令: {name: :text, value: #item} @ http://localhost:8084/hetuimini.js:1150
[     258ms] [LOG] Directive.parse 开始解析: {name: :text, value: #item} @ http://localhost:8084/hetuimini.js:557
[     258ms] [LOG] Directive.parse 简单路径: {value: #item, path: Array(1)} @ http://localhost:8084/hetuimini.js:594
[     258ms] [LOG] Directive.parse 解析结果: {directive: Object} @ http://localhost:8084/hetuimini.js:598
[     258ms] [LOG] Directive.bind 开始绑定: {directive: Object, element: span} @ http://localhost:8084/hetuimini.js:610
[     259ms] [LOG] Observer.startDep 开始收集依赖: {updateFn: function() {
                var value = self.eva…eExpression(directive.value, data);
         ...} @ http://localhost:8084/hetuimini.js:298
[     259ms] [LOG] Observer.endDep 结束收集依赖 @ http://localhost:8084/hetuimini.js:306
[     259ms] [LOG] Observer.endDep 结束收集依赖 @ http://localhost:8084/hetuimini.js:306
[     259ms] [LOG] Directive.parse 开始解析: {name: :text, value: #index} @ http://localhost:8084/hetuimini.js:557
[     259ms] [LOG] Directive.parse 简单路径: {value: #index, path: Array(1)} @ http://localhost:8084/hetuimini.js:594
[     259ms] [LOG] Directive.parse 解析结果: {directive: Object} @ http://localhost:8084/hetuimini.js:598
[     259ms] [LOG] Directive.bind 开始绑定: {directive: Object, element: span} @ http://localhost:8084/hetuimini.js:610
[     259ms] [LOG] Observer.startDep 开始收集依赖: {updateFn: function() {
                var value = self.eva…eExpression(directive.value, data);
         ...} @ http://localhost:8084/hetuimini.js:298
[     259ms] [LOG] Observer.endDep 结束收集依赖 @ http://localhost:8084/hetuimini.js:306
[     259ms] [LOG] Directive.parse 开始解析: {name: :text, value: #item} @ http://localhost:8084/hetuimini.js:557
[     259ms] [LOG] Directive.parse 简单路径: {value: #item, path: Array(1)} @ http://localhost:8084/hetuimini.js:594
[     259ms] [LOG] Directive.parse 解析结果: {directive: Object} @ http://localhost:8084/hetuimini.js:598
[     259ms] [LOG] Directive.bind 开始绑定: {directive: Object, element: span} @ http://localhost:8084/hetuimini.js:610
[     259ms] [LOG] Observer.startDep 开始收集依赖: {updateFn: function() {
                var value = self.eva…eExpression(directive.value, data);
         ...} @ http://localhost:8084/hetuimini.js:298
[     259ms] [LOG] Observer.endDep 结束收集依赖 @ http://localhost:8084/hetuimini.js:306
[     259ms] [LOG] Directive.parse 开始解析: {name: if:, value: isEnabled} @ http://localhost:8084/hetuimini.js:557
[     260ms] [LOG] Directive.parse 简单路径: {value: isEnabled, path: Array(1)} @ http://localhost:8084/hetuimini.js:594
[     260ms] [LOG] Directive.parse 解析结果: {directive: Object} @ http://localhost:8084/hetuimini.js:598
[     260ms] [LOG] Directive.bind 开始绑定: {directive: Object, element: span.success} @ http://localhost:8084/hetuimini.js:610
[     260ms] [LOG] Observer.startDep 开始收集依赖: {updateFn: function() {
                var value = self.get…eByPath(data, fieldPath);
                
 ...} @ http://localhost:8084/hetuimini.js:298
[     260ms] [LOG] Observer.endDep 结束收集依赖 @ http://localhost:8084/hetuimini.js:306
[     260ms] [LOG] Directive.parse 开始解析: {name: show:, value: showBadge} @ http://localhost:8084/hetuimini.js:557
[     260ms] [LOG] Directive.parse 简单路径: {value: showBadge, path: Array(1)} @ http://localhost:8084/hetuimini.js:594
[     260ms] [LOG] Directive.parse 解析结果: {directive: Object} @ http://localhost:8084/hetuimini.js:598
[     260ms] [LOG] Directive.bind 开始绑定: {directive: Object, element: span.info} @ http://localhost:8084/hetuimini.js:610
[     260ms] [LOG] Observer.startDep 开始收集依赖: {updateFn: function() {
                var value = self.get…eByPath(data, fieldPath);
                ele...} @ http://localhost:8084/hetuimini.js:298
[     260ms] [LOG] Observer.endDep 结束收集依赖 @ http://localhost:8084/hetuimini.js:306
[     260ms] [LOG] Directive.parse 开始解析: {name: @click, value: toggleNotifications} @ http://localhost:8084/hetuimini.js:557
[     260ms] [LOG] Directive.parse 简单路径: {value: toggleNotifications, path: Array(1)} @ http://localhost:8084/hetuimini.js:594
[     260ms] [LOG] Directive.parse 解析结果: {directive: Object} @ http://localhost:8084/hetuimini.js:598
[     260ms] [LOG] Directive.bind 开始绑定: {directive: Object, element: button} @ http://localhost:8084/hetuimini.js:610
[     260ms] [LOG] Directive.parse 开始解析: {name: @click, value: toggleShowPreview} @ http://localhost:8084/hetuimini.js:557
[     261ms] [LOG] Directive.parse 简单路径: {value: toggleShowPreview, path: Array(1)} @ http://localhost:8084/hetuimini.js:594
[     261ms] [LOG] Directive.parse 解析结果: {directive: Object} @ http://localhost:8084/hetuimini.js:598
[     261ms] [LOG] Directive.bind 开始绑定: {directive: Object, element: button} @ http://localhost:8084/hetuimini.js:610
[     261ms] [LOG] Directive.parse 开始解析: {name: @click, value: resetAll} @ http://localhost:8084/hetuimini.js:557
[     261ms] [LOG] Directive.parse 简单路径: {value: resetAll, path: Array(1)} @ http://localhost:8084/hetuimini.js:594
[     261ms] [LOG] Directive.parse 解析结果: {directive: Object} @ http://localhost:8084/hetuimini.js:598
[     261ms] [LOG] Directive.bind 开始绑定: {directive: Object, element: button} @ http://localhost:8084/hetuimini.js:610
[     261ms] [LOG] Directive.parse 开始解析: {name: @click, value: runAllTests} @ http://localhost:8084/hetuimini.js:557
[     261ms] [LOG] Directive.parse 简单路径: {value: runAllTests, path: Array(1)} @ http://localhost:8084/hetuimini.js:594
[     261ms] [LOG] Directive.parse 解析结果: {directive: Object} @ http://localhost:8084/hetuimini.js:598
[     261ms] [LOG] Directive.bind 开始绑定: {directive: Object, element: button} @ http://localhost:8084/hetuimini.js:610
[     267ms] [LOG] Hetui Mini 框架已加载 @ http://localhost:8084/hetuimini.js:2074
[     275ms] [ERROR] Failed to load resource: the server responded with a status of 404 (Not Found) @ http://localhost:8084/favicon.ico:0
